type,status,priority,estimatedHours,budget,expectedViews,expectedClicks,expectedLeads,expectedConversions,expectedCTR,expectedConversionRate,platforms,channel,complexityScore,riskLevel,delayHours,reopenCount,actualDurationHours
CAMPAIGN,DONE,HIGH,120,5000.00,100000,1200,50,10,1.20,0.50,"Facebook;Instagram",Social,4,2,0.00,0,120
CONTENT_CREATION,IN_REVIEW,MEDIUM,8,300.00,5000,200,10,2,4.00,0.40,Website,Blog,2,1,0.00,1,8
SEO,DONE,CRITICAL,24,1500.00,0,0,0,0,0.00,0.00,Website,Organic,5,4,2.50,0,24
SOCIAL_MEDIA,TO_DO,MEDIUM,16,200.00,20000,400,20,5,2.00,0.25,"Instagram;LinkedIn",Social,3,2,0.00,0,16
EMAIL,IN_PROGRESS,HIGH,18,1200.00,30000,1500,80,20,5.00,0.53,Email,Email,3,2,1.00,0,18
PPC,IN_PROGRESS,CRITICAL,40,8000.00,50000,2500,120,30,5.00,0.60,Google,SEM,5,3,0.00,2,40
ANALYTICS,IN_REVIEW,MEDIUM,12,600.00,0,0,0,0,0.00,0.00,Internal,Analytics,3,2,0.00,0,12
DESIGN,TO_DO,LOW,6,150.00,0,0,0,0,0.00,0.00,Display,Creative,2,1,0.00,0,6
COPYWRITING,IN_PROGRESS,HIGH,10,400.00,10000,300,25,8,3.00,0.80,Website,Landing,3,2,0.00,1,10
PPC,IN_REVIEW,MEDIUM,14,2000.00,0,0,0,0,0.00,0.00,Google,SEM,4,3,0.00,0,14
SOCIAL_MEDIA,DONE,HIGH,22,2500.00,40000,1800,90,25,4.50,0.62,"Facebook;Google",Social,4,2,0.00,0,22
CONTENT_CREATION,IN_PROGRESS,HIGH,36,3000.00,80000,2200,110,30,2.75,0.50,YouTube,Video,5,3,0.00,0,36
EMAIL,TO_DO,LOW,2,50.00,0,0,0,0,0.00,0.00,Email,Email,1,1,0.00,0,2
DESIGN,IN_PROGRESS,CRITICAL,200,20000.00,0,0,0,0,0.00,0.00,Website,Product,5,5,10.00,1,200
SOCIAL_MEDIA,TO_DO,MEDIUM,80,7000.00,150000,5000,300,60,3.33,0.60,"Instagram;TikTok",Social,4,3,0.00,0,80
EMAIL,DONE,LOW,4,100.00,20000,800,40,10,4.00,0.50,Email,Email,2,1,0.00,0,4
DESIGN,IN_REVIEW,HIGH,20,900.00,15000,600,60,15,4.00,1.00,Website,Landing,3,2,0.00,0,20
ANALYTICS,IN_PROGRESS,MEDIUM,10,400.00,0,0,0,0,0.00,0.00,Internal,Analytics,3,2,0.00,0,10
DESIGN,TO_DO,MEDIUM,14,600.00,0,0,0,0,0.00,0.00,"Instagram;Website",Creative,3,1,0.00,0,14
SEO,IN_PROGRESS,MEDIUM,6,250.00,0,0,0,0,0.00,0.00,Website,Organic,2,1,0.00,0,6
CAMPAIGN,TO_DO,HIGH,72,10000.00,120000,4000,200,50,3.33,0.50,"Facebook;Google",Multi,4,3,0.00,0,72
ANALYTICS,IN_REVIEW,HIGH,18,800.00,0,0,0,0,0.00,0.00,Website,Conversion,4,2,0.00,0,18
PPC,DONE,MEDIUM,30,3000.00,60000,900,40,8,1.50,0.44,Display,Programmatic,3,2,0.00,0,30
COPYWRITING,TO_DO,LOW,3,120.00,0,0,0,0,0.00,0.00,Website,Support,1,1,0.00,0,3
ANALYTICS,IN_PROGRESS,CRITICAL,16,900.00,0,0,0,0,0.00,0.00,Website,Analytics,5,4,0.00,0,16
SOCIAL_MEDIA,IN_PROGRESS,HIGH,28,4000.00,20000,600,50,12,3.00,0.83,LinkedIn,Social,4,3,0.00,0,28
CONTENT_CREATION,TO_DO,MEDIUM,40,700.00,5000,150,30,5,3.00,0.60,Website,Content,3,2,0.00,0,40
DESIGN,TO_DO,LOW,2,80.00,0,0,0,0,0.00,0.00,Website,Performance,1,1,0.00,0,2
EMAIL,IN_REVIEW,MEDIUM,6,500.00,10000,600,30,6,6.00,0.50,SMS,Direct,2,2,0.00,0,6
PPC,IN_PROGRESS,HIGH,14,1200.00,0,0,0,0,0.00,0.00,"Google;Bing",SEM,4,3,0.00,0,14
CONTENT_CREATION,TO_DO,LOW,10,250.00,8000,400,60,12,5.00,1.50,"Website;Social",Content,2,1,0.00,0,10
EMAIL,IN_PROGRESS,MEDIUM,8,350.00,0,0,0,0,0.00,0.00,Email,Email,3,2,0.00,0,8
CAMPAIGN,TO_DO,MEDIUM,60,4500.00,60000,2000,150,40,3.33,0.75,"LinkedIn;Website",Partnership,4,3,0.00,0,60
DESIGN,IN_REVIEW,HIGH,22,1100.00,0,0,0,0,0.00,0.00,Website,Product,4,3,0.00,0,22
DESIGN,TO_DO,LOW,6,220.00,0,0,0,0,0.00,0.00,"Website;Social",Creative,2,1,0.00,0,6
CAMPAIGN,IN_PROGRESS,MEDIUM,26,1800.00,25000,900,120,35,3.60,1.40,Website,Referral,3,2,0.00,0,26
SEO,DONE,HIGH,12,600.00,0,0,0,0,0.00,0.00,Website,Organic,4,3,0.00,0,12
CAMPAIGN,IN_PROGRESS,CRITICAL,300,25000.00,300000,12000,800,200,4.00,0.67,Multi,Multi,5,4,5.00,0,300
COPYWRITING,TO_DO,LOW,18,400.00,2000,80,20,5,4.00,2.50,Website,Content,2,1,0.00,0,18
ANALYTICS,IN_PROGRESS,HIGH,20,900.00,0,0,0,0,0.00,0.00,Website,Performance,4,3,0.00,0,20
CAMPAIGN,TO_DO,CRITICAL,480,50000.00,1000000,50000,4000,1000,5.00,2.50,Multi,Multi,5,5,0.00,0,480
CONTENT_CREATION,TO_DO,MEDIUM,12,600.00,15000,300,20,5,2.00,0.67,"Spotify;Website",Audio,3,2,0.00,0,12
ANALYTICS,IN_REVIEW,LOW,4,150.00,0,0,0,0,0.00,0.00,Website,Conversion,2,1,0.00,0,4
PPC,IN_PROGRESS,MEDIUM,26,2200.00,40000,800,60,15,2.00,0.75,Native,Programmatic,3,2,0.00,0,26
COPYWRITING,TO_DO,LOW,6,180.00,0,0,0,0,0.00,0.00,"YouTube;Creative",Creative,2,1,0.00,0,6
CAMPAIGN,IN_PROGRESS,HIGH,40,3500.00,50000,1500,200,60,3.00,1.20,"Email;App",Retention,4,3,0.00,0,40
ANALYTICS,TO_DO,CRITICAL,60,2000.00,0,0,0,0,0.00,0.00,Internal,Analytics,5,4,0.00,0,60
DESIGN,IN_PROGRESS,HIGH,24,1200.00,0,0,0,0,0.00,0.00,App,Product,4,3,0.00,0,24
PPC,IN_REVIEW,MEDIUM,12,1000.00,0,0,0,0,0.00,0.00,Display,Programmatic,3,2,0.00,0,12
COPYWRITING,TO_DO,LOW,4,160.00,0,0,0,0,0.00,0.00,"Facebook;Google",Creative,2,1,0.00,0,4
EMAIL,IN_PROGRESS,HIGH,30,900.00,20000,900,150,40,4.50,1.67,Email,Retention,3,2,0.00,0,30
SEO,TO_DO,LOW,2,70.00,0,0,0,0,0.00,0.00,Website,Organic,1,1,0.00,0,2
CAMPAIGN,IN_PROGRESS,MEDIUM,48,6000.00,80000,3000,200,50,3.75,0.67,"Facebook;Instagram",Multi,4,3,0.00,0,48
CONTENT_CREATION,TO_DO,LOW,1,40.00,0,0,0,0,0.00,0.00,Internal,Ops,1,1,0.00,0,1
DESIGN,IN_REVIEW,LOW,6,120.00,0,0,0,0,0.00,0.00,Website,Product,2,1,0.00,0,6
SOCIAL_MEDIA,TO_DO,MEDIUM,20,1400.00,30000,1200,90,25,4.00,0.83,"App;Push",Retention,3,2,0.00,0,20
CONTENT_CREATION,IN_PROGRESS,MEDIUM,18,500.00,2000,50,10,2,2.50,0.50,Website,Support,3,2,0.00,0,18
SEO,TO_DO,HIGH,40,1500.00,0,0,0,0,0.00,0.00,Website,Organic,4,3,0.00,0,40
CAMPAIGN,IN_PROGRESS,CRITICAL,120,10000.00,0,0,0,0,0.00,0.00,Website,Product,5,4,0.00,0,120
DESIGN,IN_REVIEW,LOW,8,320.00,0,0,0,0,0.00,0.00,"Instagram;TikTok",Creative,2,1,0.00,0,8
ANALYTICS,TO_DO,HIGH,36,1800.00,0,0,0,0,0.00,0.00,Website,Conversion,4,3,0.00,0,36
COPYWRITING,IN_PROGRESS,LOW,6,110.00,15000,600,30,8,4.00,0.53,Email,Email,2,1,0.00,0,6
DESIGN,IN_PROGRESS,MEDIUM,18,750.00,0,0,0,0,0.00,0.00,"Display;Social",Creative,3,2,0.00,0,18
SEO,TO_DO,LOW,4,200.00,0,0,0,0,0.00,0.00,Google,Local,2,1,0.00,0,4
CAMPAIGN,IN_PROGRESS,MEDIUM,28,1200.00,30000,900,60,12,3.00,0.67,"Facebook;Google",Multi,3,2,0.00,0,28
ANALYTICS,IN_PROGRESS,HIGH,10,500.00,0,0,0,0,0.00,0.00,Website,Performance,4,3,0.00,0,10
COPYWRITING,TO_DO,LOW,2,90.00,0,0,0,0,0.00,0.00,Website,Product,1,1,0.00,0,2
EMAIL,IN_PROGRESS,MEDIUM,16,800.00,15000,700,80,25,4.67,1.14,Email,Email,3,2,0.00,0,16
ANALYTICS,TO_DO,CRITICAL,60,2000.00,0,0,0,0,0.00,0.00,Internal,Analytics,5,4,0.00,0,60
DESIGN,IN_PROGRESS,HIGH,24,1200.00,0,0,0,0,0.00,0.00,App,Product,4,3,0.00,0,24
PPC,IN_REVIEW,MEDIUM,12,1000.00,0,0,0,0,0.00,0.00,Display,Programmatic,3,2,0.00,0,12
COPYWRITING,TO_DO,LOW,4,160.00,0,0,0,0,0.00,0.00,"Facebook;Google",Creative,2,1,0.00,0,4
CAMPAIGN,IN_PROGRESS,HIGH,40,3500.00,50000,1500,200,60,3.00,1.20,"Email;App",Retention,4,3,0.00,0,40
ANALYTICS,TO_DO,LOW,8,300.00,0,0,0,0,0.00,0.00,Internal,Analytics,2,1,0.00,0,8
DESIGN,IN_REVIEW,MEDIUM,14,600.00,0,0,0,0,0.00,0.00,"Website;Social",Creative,3,2,0.00,0,14
SEO,TO_DO,LOW,2,70.00,0,0,0,0,0.00,0.00,Website,Organic,1,1,0.00,0,2
PPC,IN_PROGRESS,MEDIUM,26,2200.00,40000,800,60,15,2.00,0.75,Display,Programmatic,3,2,0.00,0,26
CONTENT_CREATION,IN_PROGRESS,LOW,8,320.00,0,0,0,0,0.00,0.00,"Instagram;TikTok",Creative,2,1,0.00,0,8
ANALYTICS,TO_DO,HIGH,36,1800.00,0,0,0,0,0.00,0.00,Website,Conversion,4,3,0.00,0,36
COPYWRITING,IN_PROGRESS,LOW,6,110.00,15000,600,30,8,4.00,0.53,Email,Email,2,1,0.00,0,6
DESIGN,IN_PROGRESS,MEDIUM,18,750.00,0,0,0,0,0.00,0.00,"Display;Social",Creative,3,2,0.00,0,18
SEO,TO_DO,LOW,4,200.00,0,0,0,0,0.00,0.00,Google,Local,2,1,0.00,0,4
CAMPAIGN,IN_PROGRESS,MEDIUM,28,1200.00,30000,900,60,12,3.00,0.67,"Facebook;Google",Multi,3,2,0.00,0,28
ANALYTICS,IN_PROGRESS,HIGH,10,500.00,0,0,0,0,0.00,0.00,Website,Performance,4,3,0.00,0,10
CAMPAIGN,DONE,HIGH,96,4500.00,90000,3500,180,45,3.89,0.50,"Facebook;Instagram",Social,4,2,0.00,0,96
CONTENT_CREATION,IN_PROGRESS,MEDIUM,14,600.00,7000,250,15,4,3.57,0.57,Website,Content,3,2,0.00,0,14
SEO,TO_DO,HIGH,20,1200.00,0,0,0,0,0.00,0.00,Website,Organic,4,3,0.00,0,20
SOCIAL_MEDIA,IN_REVIEW,MEDIUM,12,800.00,25000,900,40,10,3.60,0.44,"Instagram;TikTok",Social,3,2,0.00,0,12
EMAIL,IN_PROGRESS,LOW,6,200.00,8000,300,20,5,3.75,0.67,Email,Email,2,1,0.00,0,6
PPC,IN_PROGRESS,HIGH,36,9000.00,120000,6000,300,80,5.00,0.67,Google,SEM,5,3,0.00,1,36
ANALYTICS,TO_DO,CRITICAL,48,2500.00,0,0,0,0,0.00,0.00,Internal,Analytics,5,4,0.00,0,48
DESIGN,IN_PROGRESS,MEDIUM,10,700.00,0,0,0,0,0.00,0.00,Website,Creative,3,2,0.00,0,10
COPYWRITING,TO_DO,LOW,4,150.00,0,0,0,0,0.00,0.00,Website,Content,1,1,0.00,0,4
PPC,IN_REVIEW,MEDIUM,18,2200.00,30000,1200,60,15,4.00,0.50,Display,Programmatic,4,2,0.00,0,18
SOCIAL_MEDIA,DONE,HIGH,30,3200.00,60000,2500,140,35,4.17,0.58,"Facebook;LinkedIn",Social,4,2,0.00,0,30
CONTENT_CREATION,IN_PROGRESS,HIGH,28,1800.00,25000,900,50,12,3.60,0.48,YouTube,Video,4,3,0.00,0,28
EMAIL,TO_DO,MEDIUM,8,450.00,12000,500,30,8,4.17,0.60,Email,Email,3,2,0.00,0,8
DESIGN,IN_REVIEW,HIGH,22,1500.00,0,0,0,0,0.00,0.00,App,Product,4,3,0.00,0,22
SOCIAL_MEDIA,TO_DO,LOW,6,300.00,5000,200,10,2,4.00,0.40,"Instagram;Pinterest",Social,2,1,0.00,0,6
EMAIL,DONE,LOW,3,80.00,4000,150,8,2,3.75,0.50,Email,Email,1,1,0.00,0,3
DESIGN,IN_PROGRESS,MEDIUM,16,950.00,0,0,0,0,0.00,0.00,Website,Creative,3,2,0.00,0,16
ANALYTICS,IN_REVIEW,MEDIUM,20,1100.00,0,0,0,0,0.00,0.00,Internal,Analytics,3,2,0.00,0,20
DESIGN,TO_DO,LOW,5,120.00,0,0,0,0,0.00,0.00,Display,Creative,2,1,0.00,0,5
SEO,IN_PROGRESS,MEDIUM,12,600.00,0,0,0,0,0.00,0.00,Website,Organic,3,2,0.00,0,12
CAMPAIGN,TO_DO,HIGH,84,14000.00,200000,8000,400,100,4.00,0.50,"Facebook;Google",Multi,4,3,0.00,0,84
ANALYTICS,IN_PROGRESS,HIGH,26,1300.00,0,0,0,0,0.00,0.00,Website,Conversion,4,3,0.00,0,26
PPC,DONE,MEDIUM,32,5000.00,90000,3500,180,45,3.89,0.50,Google,SEM,4,2,0.00,0,32
COPYWRITING,TO_DO,LOW,7,200.00,0,0,0,0,0.00,0.00,Website,Support,2,1,0.00,0,7
ANALYTICS,IN_PROGRESS,CRITICAL,40,2200.00,0,0,0,0,0.00,0.00,Internal,Analytics,5,4,0.00,0,40
SOCIAL_MEDIA,IN_PROGRESS,HIGH,24,3600.00,45000,1800,90,22,4.00,0.49,"LinkedIn;Twitter",Social,4,3,0.00,0,24
CONTENT_CREATION,TO_DO,MEDIUM,18,900.00,8000,300,20,6,3.75,0.75,Website,Content,3,2,0.00,0,18
DESIGN,TO_DO,LOW,4,90.00,0,0,0,0,0.00,0.00,Website,Creative,1,1,0.00,0,4
EMAIL,IN_REVIEW,MEDIUM,10,600.00,15000,700,40,10,4.67,0.67,Email,Email,3,2,0.00,0,10
PPC,IN_PROGRESS,HIGH,44,15000.00,250000,10000,500,120,4.00,0.48,Google,SEM,5,4,0.00,1,44
CONTENT_CREATION,DONE,MEDIUM,20,1200.00,20000,800,60,15,4.00,0.75,YouTube,Video,3,2,0.00,0,20
ANALYTICS,TO_DO,LOW,6,300.00,0,0,0,0,0.00,0.00,Internal,Analytics,2,1,0.00,0,6
DESIGN,IN_PROGRESS,MEDIUM,14,700.00,0,0,0,0,0.00,0.00,"Instagram;Website",Creative,3,2,0.00,0,14
SEO,TO_DO,LOW,8,350.00,0,0,0,0,0.00,0.00,Website,Organic,2,1,0.00,0,8
CAMPAIGN,IN_PROGRESS,MEDIUM,56,8000.00,120000,5000,250,60,4.17,0.50,"Facebook;Instagram",Multi,4,3,0.00,0,56
ANALYTICS,IN_REVIEW,HIGH,30,1600.00,0,0,0,0,0.00,0.00,Website,Performance,4,3,0.00,0,30
PPC,IN_REVIEW,MEDIUM,20,2800.00,40000,1500,80,20,3.75,0.50,Display,Programmatic,4,2,0.00,0,20
COPYWRITING,IN_PROGRESS,LOW,9,320.00,5000,200,15,4,4.00,0.80,Website,Content,2,1,0.00,0,9
EMAIL,TO_DO,LOW,2,60.00,2000,80,5,1,4.00,0.63,Email,Email,1,1,0.00,0,2
DESIGN,IN_REVIEW,HIGH,26,1800.00,0,0,0,0,0.00,0.00,App,Product,4,3,0.00,0,26
SOCIAL_MEDIA,TO_DO,MEDIUM,12,900.00,22000,700,35,9,3.18,0.41,"TikTok;Instagram",Social,3,2,0.00,0,12
CONTENT_CREATION,IN_PROGRESS,HIGH,34,2500.00,40000,1500,80,20,3.75,0.50,YouTube,Video,4,3,0.00,0,34
ANALYTICS,TO_DO,CRITICAL,72,5000.00,0,0,0,0,0.00,0.00,Internal,Analytics,5,5,0.00,0,72
DESIGN,TO_DO,LOW,3,75.00,0,0,0,0,0.00,0.00,Display,Creative,1,1,0.00,0,3
SEO,IN_PROGRESS,MEDIUM,16,800.00,0,0,0,0,0.00,0.00,Website,Organic,3,2,0.00,0,16
CAMPAIGN,DONE,HIGH,120,20000.00,400000,18000,900,220,4.50,0.55,"Multi;Programmatic",Multi,5,3,0.00,0,120
EMAIL,IN_PROGRESS,MEDIUM,12,700.00,18000,800,45,12,4.44,0.67,Email,Email,3,2,0.00,0,12
PPC,IN_PROGRESS,CRITICAL,60,30000.00,500000,25000,1200,300,5.00,0.60,Google,SEM,5,4,0.00,2,60
CONTENT_CREATION,TO_DO,MEDIUM,22,1100.00,12000,450,30,8,3.75,0.67,Website,Content,3,2,0.00,0,22
ANALYTICS,IN_REVIEW,HIGH,28,1400.00,0,0,0,0,0.00,0.00,Internal,Analytics,4,3,0.00,0,28
DESIGN,IN_PROGRESS,MEDIUM,18,950.00,0,0,0,0,0.00,0.00,App,Creative,3,2,0.00,0,18
SEO,TO_DO,LOW,5,150.00,0,0,0,0,0.00,0.00,Google,Local,1,1,0.00,0,5
SOCIAL_MEDIA,IN_REVIEW,MEDIUM,20,1600.00,35000,1200,70,18,3.43,0.51,"Facebook;LinkedIn",Social,3,2,0.00,0,20
EMAIL,DONE,LOW,4,120.00,6000,250,12,3,4.17,0.50,Email,Email,2,1,0.00,0,4
PPC,IN_REVIEW,MEDIUM,24,4200.00,70000,3000,160,40,4.29,0.57,Display,Programmatic,4,2,0.00,0,24
CONTENT_CREATION,IN_PROGRESS,HIGH,30,2000.00,35000,1400,90,25,4.00,0.64,YouTube,Video,4,3,0.00,0,30
ANALYTICS,TO_DO,MEDIUM,10,500.00,0,0,0,0,0.00,0.00,Website,Performance,3,2,0.00,0,10
DESIGN,TO_DO,LOW,7,180.00,0,0,0,0,0.00,0.00,Website,Creative,2,1,0.00,0,7
SEO,IN_PROGRESS,HIGH,36,2200.00,0,0,0,0,0.00,0.00,Website,Organic,4,3,0.00,0,36
CAMPAIGN,IN_PROGRESS,MEDIUM,66,12000.00,180000,7000,350,90,3.89,0.50,"Facebook;Google",Multi,4,3,0.00,0,66
EMAIL,IN_REVIEW,MEDIUM,9,480.00,10000,420,25,6,4.20,0.60,Email,Email,3,2,0.00,0,9
PPC,IN_PROGRESS,HIGH,38,11000.00,160000,8000,420,110,5.00,0.69,Google,SEM,5,3,0.00,1,38
CONTENT_CREATION,TO_DO,LOW,11,420.00,6000,220,18,5,3.67,0.83,Website,Content,2,1,0.00,0,11
ANALYTICS,IN_REVIEW,HIGH,34,1700.00,0,0,0,0,0.00,0.00,Internal,Analytics,4,3,0.00,0,34
DESIGN,IN_PROGRESS,MEDIUM,15,820.00,0,0,0,0,0.00,0.00,App,Creative,3,2,0.00,0,15
SEO,TO_DO,MEDIUM,14,650.00,0,0,0,0,0.00,0.00,Website,Organic,3,2,0.00,0,14
SOCIAL_MEDIA,IN_PROGRESS,HIGH,26,4200.00,70000,2800,160,45,4.00,0.64,"Instagram;TikTok",Social,4,3,0.00,0,26
EMAIL,TO_DO,LOW,3,90.00,2500,100,6,1,4.00,0.60,Email,Email,1,1,0.00,0,3
PPC,IN_REVIEW,MEDIUM,16,2600.00,35000,1400,70,18,4.00,0.51,Display,Programmatic,4,2,0.00,0,16
CONTENT_CREATION,IN_PROGRESS,MEDIUM,21,950.00,9000,350,22,6,3.89,0.67,YouTube,Video,3,2,0.00,0,21
ANALYTICS,TO_DO,CRITICAL,56,3200.00,0,0,0,0,0.00,0.00,Internal,Analytics,5,4,0.00,0,56
DESIGN,TO_DO,LOW,5,140.00,0,0,0,0,0.00,0.00,Website,Creative,2,1,0.00,0,5
SEO,IN_REVIEW,HIGH,28,1300.00,0,0,0,0,0.00,0.00,Website,Organic,4,3,0.00,0,28
CAMPAIGN,IN_PROGRESS,CRITICAL,200,40000.00,600000,30000,1500,350,5.00,0.58,"Multi;Programmatic",Multi,5,4,0.00,2,200
EMAIL,IN_PROGRESS,MEDIUM,14,720.00,16000,650,35,9,4.06,0.56,Email,Email,3,2,0.00,0,14
PPC,IN_REVIEW,HIGH,42,13000.00,210000,9000,480,120,4.29,0.57,Google,SEM,5,3,0.00,1,42
CONTENT_CREATION,TO_DO,MEDIUM,24,1300.00,15000,600,40,10,4.00,0.67,Website,Content,3,2,0.00,0,24
ANALYTICS,IN_PROGRESS,HIGH,32,1900.00,0,0,0,0,0.00,0.00,Internal,Analytics,4,3,0.00,0,32
DESIGN,IN_REVIEW,MEDIUM,20,1000.00,0,0,0,0,0.00,0.00,App,Creative,3,2,0.00,0,20
SEO,TO_DO,LOW,6,220.00,0,0,0,0,0.00,0.00,Google,Local,1,1,0.00,0,6
SOCIAL_MEDIA,IN_PROGRESS,MEDIUM,18,1400.00,28000,1100,55,14,3.93,0.50,"Facebook;Instagram",Social,3,2,0.00,0,18
EMAIL,DONE,LOW,4,130.00,7000,300,18,4,4.29,0.57,Email,Email,2,1,0.00,0,4
PPC,IN_PROGRESS,MEDIUM,34,7600.00,120000,5200,260,70,4.33,0.58,Display,Programmatic,4,3,0.00,0,34
CONTENT_CREATION,IN_REVIEW,HIGH,26,1600.00,28000,1100,70,18,3.93,0.64,YouTube,Video,4,3,0.00,0,26
ANALYTICS,TO_DO,MEDIUM,12,600.00,0,0,0,0,0.00,0.00,Website,Performance,3,2,0.00,0,12
DESIGN,TO_DO,LOW,8,210.00,0,0,0,0,0.00,0.00,Website,Creative,2,1,0.00,0,8
SEO,IN_PROGRESS,MEDIUM,18,900.00,0,0,0,0,0.00,0.00,Website,Organic,3,2,0.00,0,18
CAMPAIGN,IN_PROGRESS,HIGH,70,15000.00,220000,9000,450,110,4.09,0.50,"Facebook;Google",Multi,4,3,0.00,0,70
CAMPAIGN,IN_PROGRESS,HIGH,88,9500.00,140000,6000,320,80,4.29,0.57,"Facebook;Instagram",Multi,4,3,0.00,0,88
CONTENT_CREATION,TO_DO,MEDIUM,12,650.00,9000,320,22,6,3.56,0.67,Website,Content,3,2,0.00,0,12
SEO,IN_REVIEW,HIGH,18,1100.00,0,0,0,0,0.00,0.00,Website,Organic,4,3,0.00,0,18
SOCIAL_MEDIA,IN_PROGRESS,MEDIUM,14,950.00,28000,1100,60,14,3.93,0.50,"Instagram;TikTok",Social,3,2,0.00,0,14
EMAIL,TO_DO,LOW,3,120.00,3000,120,8,2,4.00,0.67,Email,Email,1,1,0.00,0,3
PPC,IN_REVIEW,HIGH,34,8200.00,110000,5200,260,70,4.73,0.60,Google,SEM,5,3,0.00,0,34
ANALYTICS,IN_PROGRESS,CRITICAL,44,2600.00,0,0,0,0,0.00,0.00,Internal,Analytics,5,4,0.00,0,44
DESIGN,TO_DO,MEDIUM,10,780.00,0,0,0,0,0.00,0.00,Website,Creative,3,2,0.00,0,10
COPYWRITING,IN_PROGRESS,LOW,5,180.00,0,0,0,0,0.00,0.00,Website,Content,2,1,0.00,0,5
PPC,IN_PROGRESS,MEDIUM,20,2600.00,35000,1400,70,18,4.00,0.51,Display,Programmatic,4,2,0.00,0,20
SOCIAL_MEDIA,DONE,HIGH,26,4200.00,70000,2800,160,45,4.00,0.64,"Facebook;LinkedIn",Social,4,2,0.00,0,26
CONTENT_CREATION,IN_REVIEW,HIGH,30,2100.00,32000,1200,70,18,3.75,0.56,YouTube,Video,4,3,0.00,0,30
EMAIL,IN_PROGRESS,MEDIUM,9,520.00,14000,600,35,9,4.29,0.64,Email,Email,3,2,0.00,0,9
DESIGN,TO_DO,LOW,6,160.00,0,0,0,0,0.00,0.00,Display,Creative,2,1,0.00,0,6
SOCIAL_MEDIA,IN_REVIEW,MEDIUM,16,1100.00,26000,900,45,11,3.46,0.42,"Instagram;Pinterest",Social,3,2,0.00,0,16
ANALYTICS,TO_DO,HIGH,28,1500.00,0,0,0,0,0.00,0.00,Website,Conversion,4,3,0.00,0,28
SEO,IN_PROGRESS,MEDIUM,22,1250.00,0,0,0,0,0.00,0.00,Website,Organic,3,2,0.00,0,22
CAMPAIGN,IN_PROGRESS,CRITICAL,160,18000.00,250000,10000,600,150,4.00,0.60,"Facebook;Google",Multi,5,4,0.00,1,160
CONTENT_CREATION,TO_DO,LOW,7,300.00,4000,150,12,3,3.75,0.75,Website,Content,2,1,0.00,0,7
EMAIL,DONE,LOW,4,140.00,6000,260,14,4,4.33,0.67,Email,Email,2,1,0.00,0,4
PPC,IN_PROGRESS,HIGH,46,17000.00,280000,12000,600,150,4.29,0.54,Google,SEM,5,4,0.00,1,46
DESIGN,IN_REVIEW,MEDIUM,18,980.00,0,0,0,0,0.00,0.00,App,Creative,3,2,0.00,0,18
ANALYTICS,IN_PROGRESS,MEDIUM,12,700.00,0,0,0,0,0.00,0.00,Internal,Analytics,3,2,0.00,0,12
SEO,TO_DO,LOW,4,180.00,0,0,0,0,0.00,0.00,Website,Organic,1,1,0.00,0,4
SOCIAL_MEDIA,IN_PROGRESS,HIGH,32,5200.00,90000,3600,200,50,4.00,0.56,"Instagram;TikTok",Social,4,3,0.00,0,32
CONTENT_CREATION,IN_REVIEW,MEDIUM,20,1200.00,15000,600,35,9,4.00,0.60,Website,Content,3,2,0.00,0,20
EMAIL,TO_DO,MEDIUM,6,300.00,9000,350,20,6,3.89,0.67,Email,Email,2,2,0.00,0,6
PPC,IN_REVIEW,MEDIUM,24,4800.00,80000,3500,180,45,4.38,0.56,Display,Programmatic,4,3,0.00,0,24
DESIGN,TO_DO,LOW,5,110.00,0,0,0,0,0.00,0.00,Website,Creative,1,1,0.00,0,5
ANALYTICS,IN_REVIEW,HIGH,36,2000.00,0,0,0,0,0.00,0.00,Website,Performance,4,3,0.00,0,36
SEO,IN_PROGRESS,HIGH,26,1400.00,0,0,0,0,0.00,0.00,Website,Organic,4,3,0.00,0,26
SOCIAL_MEDIA,TO_DO,MEDIUM,10,700.00,18000,700,30,8,3.89,0.44,"LinkedIn;Twitter",Social,3,2,0.00,0,10
CONTENT_CREATION,IN_PROGRESS,HIGH,38,2600.00,45000,1700,100,28,3.78,0.62,YouTube,Video,4,3,0.00,0,38
EMAIL,IN_REVIEW,LOW,3,90.00,2500,100,6,1,4.00,0.60,Email,Email,1,1,0.00,0,3
PPC,IN_PROGRESS,CRITICAL,72,42000.00,700000,35000,1800,450,5.00,0.64,Google,SEM,5,4,0.00,2,72
ANALYTICS,TO_DO,CRITICAL,80,6000.00,0,0,0,0,0.00,0.00,Internal,Analytics,5,5,0.00,0,80
DESIGN,IN_PROGRESS,MEDIUM,14,820.00,0,0,0,0,0.00,0.00,Website,Creative,3,2,0.00,0,14
COPYWRITING,TO_DO,LOW,6,210.00,0,0,0,0,0.00,0.00,Website,Content,2,1,0.00,0,6
SEO,IN_REVIEW,MEDIUM,16,900.00,0,0,0,0,0.00,0.00,Website,Organic,3,2,0.00,0,16
SOCIAL_MEDIA,IN_PROGRESS,HIGH,28,4800.00,85000,3400,190,48,4.00,0.56,"Facebook;Instagram",Social,4,3,0.00,0,28
CONTENT_CREATION,TO_DO,MEDIUM,15,850.00,10000,380,25,7,3.80,0.70,Website,Content,3,2,0.00,0,15
EMAIL,IN_PROGRESS,MEDIUM,11,640.00,16000,700,40,10,4.38,0.63,Email,Email,3,2,0.00,0,11
PPC,IN_REVIEW,MEDIUM,18,3000.00,45000,1800,90,22,4.00,0.50,Display,Programmatic,4,2,0.00,0,18
ANALYTICS,IN_PROGRESS,HIGH,22,1200.00,0,0,0,0,0.00,0.00,Website,Conversion,4,3,0.00,0,22
DESIGN,TO_DO,LOW,4,95.00,0,0,0,0,0.00,0.00,Display,Creative,1,1,0.00,0,4
SEO,TO_DO,LOW,3,130.00,0,0,0,0,0.00,0.00,Google,Local,1,1,0.00,0,3
SOCIAL_MEDIA,IN_REVIEW,MEDIUM,12,980.00,24000,850,42,11,3.54,0.46,"Instagram;TikTok",Social,3,2,0.00,0,12
CONTENT_CREATION,IN_PROGRESS,HIGH,34,2400.00,38000,1500,85,22,3.95,0.58,YouTube,Video,4,3,0.00,0,34
EMAIL,TO_DO,LOW,2,55.00,1200,50,3,1,4.17,0.25,Email,Email,1,1,0.00,0,2
PPC,IN_PROGRESS,HIGH,40,12500.00,200000,9000,450,110,4.50,0.55,Google,SEM,5,3,0.00,1,40
ANALYTICS,IN_REVIEW,CRITICAL,50,2800.00,0,0,0,0,0.00,0.00,Internal,Analytics,5,4,0.00,0,50
DESIGN,IN_PROGRESS,MEDIUM,20,1100.00,0,0,0,0,0.00,0.00,App,Creative,3,2,0.00,0,20
COPYWRITING,IN_REVIEW,LOW,8,260.00,0,0,0,0,0.00,0.00,Website,Content,2,1,0.00,0,8
SEO,TO_DO,MEDIUM,10,520.00,0,0,0,0,0.00,0.00,Website,Organic,3,2,0.00,0,10
SOCIAL_MEDIA,IN_PROGRESS,HIGH,36,6200.00,100000,4200,220,55,4.20,0.55,"Facebook;LinkedIn",Social,4,3,0.00,0,36
CONTENT_CREATION,IN_REVIEW,MEDIUM,22,1300.00,18000,700,40,11,3.89,0.61,Website,Content,3,2,0.00,0,22
EMAIL,IN_PROGRESS,MEDIUM,13,780.00,19000,850,48,12,4.47,0.63,Email,Email,3,2,0.00,0,13
PPC,TO_DO,MEDIUM,24,3600.00,60000,2600,130,32,4.33,0.55,Display,Programmatic,4,2,0.00,0,24
ANALYTICS,IN_PROGRESS,HIGH,30,1700.00,0,0,0,0,0.00,0.00,Website,Performance,4,3,0.00,0,30
DESIGN,TO_DO,LOW,6,200.00,0,0,0,0,0.00,0.00,Website,Creative,2,1,0.00,0,6
SEO,IN_REVIEW,HIGH,28,1500.00,0,0,0,0,0.00,0.00,Website,Organic,4,3,0.00,0,28
SOCIAL_MEDIA,TO_DO,MEDIUM,14,1000.00,30000,1200,60,15,4.00,0.50,"Instagram;Twitter",Social,3,2,0.00,0,14
CONTENT_CREATION,IN_PROGRESS,HIGH,42,3200.00,50000,2000,120,32,4.00,0.64,YouTube,Video,4,3,0.00,0,42
EMAIL,IN_REVIEW,LOW,4,150.00,7000,300,18,4,4.29,0.57,Email,Email,2,1,0.00,0,4
PPC,IN_PROGRESS,CRITICAL,90,60000.00,900000,45000,2400,600,5.00,0.67,Google,SEM,5,4,0.00,3,90
ANALYTICS,TO_DO,CRITICAL,96,8000.00,0,0,0,0,0.00,0.00,Internal,Analytics,5,5,0.00,0,96
DESIGN,IN_REVIEW,MEDIUM,16,920.00,0,0,0,0,0.00,0.00,App,Creative,3,2,0.00,0,16
COPYWRITING,TO_DO,LOW,5,170.00,0,0,0,0,0.00,0.00,Website,Content,2,1,0.00,0,5
SEO,IN_PROGRESS,MEDIUM,20,1000.00,0,0,0,0,0.00,0.00,Website,Organic,3,2,0.00,0,20
SOCIAL_MEDIA,IN_REVIEW,HIGH,30,5400.00,95000,3800,210,52,4.00,0.55,"Facebook;Instagram",Social,4,3,0.00,0,30
CONTENT_CREATION,TO_DO,MEDIUM,18,1000.00,12000,450,28,8,3.75,0.67,Website,Content,3,2,0.00,0,18
EMAIL,IN_PROGRESS,MEDIUM,10,600.00,15000,700,40,10,4.38,0.67,Email,Email,3,2,0.00,0,10
PPC,IN_REVIEW,MEDIUM,26,5200.00,85000,3600,180,45,4.24,0.53,Display,Programmatic,4,3,0.00,0,26
ANALYTICS,IN_PROGRESS,HIGH,24,1400.00,0,0,0,0,0.00,0.00,Website,Conversion,4,3,0.00,0,24
DESIGN,TO_DO,LOW,7,210.00,0,0,0,0,0.00,0.00,Website,Creative,2,1,0.00,0,7
SEO,TO_DO,LOW,4,160.00,0,0,0,0,0.00,0.00,Google,Local,1,1,0.00,0,4
SOCIAL_MEDIA,IN_PROGRESS,MEDIUM,22,1800.00,40000,1500,80,20,3.75,0.50,"LinkedIn;Twitter",Social,3,2,0.00,0,22
CONTENT_CREATION,IN_REVIEW,HIGH,36,2600.00,42000,1600,95,26,3.81,0.62,YouTube,Video,4,3,0.00,0,36
EMAIL,TO_DO,LOW,3,100.00,3500,140,9,2,4.00,0.57,Email,Email,1,1,0.00,0,3
PPC,IN_PROGRESS,HIGH,48,20000.00,320000,15000,800,200,4.69,0.63,Google,SEM,5,4,0.00,1,48
ANALYTICS,IN_REVIEW,CRITICAL,60,3500.00,0,0,0,0,0.00,0.00,Internal,Analytics,5,4,0.00,0,60
DESIGN,IN_PROGRESS,MEDIUM,12,760.00,0,0,0,0,0.00,0.00,App,Creative,3,2,0.00,0,12
COPYWRITING,IN_PROGRESS,LOW,6,200.00,0,0,0,0,0.00,0.00,Website,Content,2,1,0.00,0,6
SEO,IN_REVIEW,MEDIUM,14,720.00,0,0,0,0,0.00,0.00,Website,Organic,3,2,0.00,0,14
SOCIAL_MEDIA,TO_DO,MEDIUM,16,1200.00,30000,1100,55,14,3.67,0.46,"Instagram;TikTok",Social,3,2,0.00,0,16
CONTENT_CREATION,IN_PROGRESS,HIGH,44,3400.00,60000,2400,140,36,4.00,0.60,YouTube,Video,4,3,0.00,0,44
EMAIL,IN_REVIEW,LOW,4,130.00,6000,260,14,4,4.33,0.67,Email,Email,2,1,0.00,0,4
PPC,IN_PROGRESS,CRITICAL,84,52000.00,800000,40000,2200,550,5.00,0.66,Google,SEM,5,4,0.00,2,84
ANALYTICS,TO_DO,CRITICAL,100,9000.00,0,0,0,0,0.00,0.00,Internal,Analytics,5,5,0.00,0,100
DESIGN,IN_REVIEW,MEDIUM,18,980.00,0,0,0,0,0.00,0.00,Website,Creative,3,2,0.00,0,18
COPYWRITING,TO_DO,LOW,5,150.00,0,0,0,0,0.00,0.00,Website,Content,2,1,0.00,0,5
SEO,IN_PROGRESS,HIGH,30,1800.00,0,0,0,0,0.00,0.00,Website,Organic,4,3,0.00,0,30
SOCIAL_MEDIA,IN_REVIEW,MEDIUM,20,1500.00,35000,1300,70,18,3.71,0.51,"Facebook;LinkedIn",Social,3,2,0.00,0,20
CONTENT_CREATION,TO_DO,MEDIUM,24,1400.00,20000,800,50,12,4.00,0.60,Website,Content,3,2,0.00,0,24
EMAIL,IN_PROGRESS,MEDIUM,15,900.00,22000,1000,55,14,4.55,0.64,Email,Email,3,2,0.00,0,15
PPC,IN_REVIEW,MEDIUM,28,6400.00,100000,4200,210,55,4.20,0.53,Display,Programmatic,4,3,0.00,0,28
ANALYTICS,IN_PROGRESS,HIGH,26,1500.00,0,0,0,0,0.00,0.00,Website,Conversion,4,3,0.00,0,26
DESIGN,TO_DO,LOW,6,190.00,0,0,0,0,0.00,0.00,Website,Creative,2,1,0.00,0,6
SEO,TO_DO,LOW,4,170.00,0,0,0,0,0.00,0.00,Google,Local,1,1,0.00,0,4
SOCIAL_MEDIA,IN_PROGRESS,HIGH,34,5600.00,95000,3800,210,52,4.00,0.55,"Instagram;TikTok",Social,4,3,0.00,0,34
CONTENT_CREATION,IN_REVIEW,MEDIUM,21,1150.00,14000,520,30,9,3.71,0.64,Website,Content,3,2,0.00,0,21
EMAIL,TO_DO,LOW,3,110.00,3200,130,7,2,4.17,0.63,Email,Email,1,1,0.00,0,3
PPC,IN_PROGRESS,HIGH,38,9800.00,160000,7600,380,100,4.63,0.60,Google,SEM,5,3,0.00,1,38
ANALYTICS,IN_REVIEW,CRITICAL,52,3000.00,0,0,0,0,0.00,0.00,Internal,Analytics,5,4,0.00,0,52
DESIGN,IN_PROGRESS,MEDIUM,14,840.00,0,0,0,0,0.00,0.00,App,Creative,3,2,0.00,0,14
COPYWRITING,IN_PROGRESS,LOW,6,190.00,0,0,0,0,0.00,0.00,Website,Content,2,1,0.00,0,6
SEO,IN_REVIEW,MEDIUM,18,980.00,0,0,0,0,0.00,0.00,Website,Organic,3,2,0.00,0,18
CAMPAIGN,IN_PROGRESS,HIGH,92,16000.00,240000,9500,480,120,3.96,0.50,"Facebook;Google",Multi,4,3,0.00,0,92
CONTENT_CREATION,TO_DO,MEDIUM,13,720.00,9500,360,24,6,3.79,0.63,Website,Content,3,2,0.00,0,13
EMAIL,IN_PROGRESS,MEDIUM,8,480.00,13000,560,32,8,4.31,0.62,Email,Email,3,2,0.00,0,8
PPC,IN_REVIEW,MEDIUM,22,4200.00,70000,3000,160,40,4.29,0.57,Display,Programmatic,4,2,0.00,0,22
ANALYTICS,TO_DO,HIGH,34,2100.00,0,0,0,0,0.00,0.00,Website,Performance,4,3,0.00,0,34
DESIGN,TO_DO,LOW,5,130.00,0,0,0,0,0.00,0.00,Website,Creative,2,1,0.00,0,5
SEO,IN_PROGRESS,MEDIUM,20,1100.00,0,0,0,0,0.00,0.00,Website,Organic,3,2,0.00,0,20
SOCIAL_MEDIA,IN_REVIEW,HIGH,28,5000.00,90000,3600,200,50,4.00,0.56,"Facebook;Instagram",Social,4,3,0.00,0,28
CONTENT_CREATION,IN_PROGRESS,MEDIUM,19,980.00,13000,480,28,8,3.69,0.61,Website,Content,3,2,0.00,0,19
EMAIL,TO_DO,LOW,3,95.00,2800,110,6,2,4.00,0.64,Email,Email,1,1,0.00,0,3
PPC,IN_PROGRESS,HIGH,44,14500.00,240000,11000,560,140,4.55,0.58,Google,SEM,5,3,0.00,1,44
ANALYTICS,IN_REVIEW,CRITICAL,68,4200.00,0,0,0,0,0.00,0.00,Internal,Analytics,5,4,0.00,0,68
DESIGN,IN_PROGRESS,MEDIUM,16,900.00,0,0,0,0,0.00,0.00,App,Creative,3,2,0.00,0,16
COPYWRITING,TO_DO,LOW,6,210.00,0,0,0,0,0.00,0.00,Website,Content,2,1,0.00,0,6
SEO,IN_REVIEW,HIGH,32,1700.00,0,0,0,0,0.00,0.00,Website,Organic,4,3,0.00,0,32
SOCIAL_MEDIA,IN_PROGRESS,MEDIUM,24,2000.00,42000,1600,90,24,3.81,0.57,"Instagram;TikTok",Social,3,2,0.00,0,24
CONTENT_CREATION,IN_REVIEW,HIGH,40,3000.00,52000,2100,130,34,4.04,0.62,YouTube,Video,4,3,0.00,0,40
EMAIL,IN_PROGRESS,MEDIUM,12,720.00,18000,800,45,11,4.44,0.61,Email,Email,3,2,0.00,0,12
PPC,TO_DO,MEDIUM,26,5600.00,90000,3800,200,50,4.22,0.56,Display,Programmatic,4,3,0.00,0,26
ANALYTICS,IN_PROGRESS,HIGH,30,1600.00,0,0,0,0,0.00,0.00,Website,Conversion,4,3,0.00,0,30
DESIGN,TO_DO,LOW,7,230.00,0,0,0,0,0.00,0.00,Website,Creative,2,1,0.00,0,7
SEO,TO_DO,LOW,4,150.00,0,0,0,0,0.00,0.00,Google,Local,1,1,0.00,0,4
SOCIAL_MEDIA,IN_PROGRESS,HIGH,38,7600.00,140000,6000,340,85,4.29,0.61,"Facebook;LinkedIn",Social,4,3,0.00,0,38
CONTENT_CREATION,TO_DO,MEDIUM,17,880.00,11000,420,26,7,3.82,0.64,Website,Content,3,2,0.00,0,17
EMAIL,IN_REVIEW,LOW,4,160.00,6500,280,16,4,4.38,0.62,Email,Email,2,1,0.00,0,4
PPC,IN_PROGRESS,HIGH,50,21000.00,340000,15000,800,200,4.76,0.59,Google,SEM,5,4,0.00,1,50
ANALYTICS,TO_DO,CRITICAL,88,5200.00,0,0,0,0,0.00,0.00,Internal,Analytics,5,5,0.00,0,88
DESIGN,IN_REVIEW,MEDIUM,18,1000.00,0,0,0,0,0.00,0.00,App,Creative,3,2,0.00,0,18
COPYWRITING,IN_PROGRESS,LOW,6,200.00,0,0,0,0,0.00,0.00,Website,Content,2,1,0.00,0,6
SEO,IN_REVIEW,MEDIUM,22,1200.00,0,0,0,0,0.00,0.00,Website,Organic,3,2,0.00,0,22
CAMPAIGN,IN_PROGRESS,HIGH,100,22000.00,350000,15000,800,200,4.55,0.57,"Facebook;Google",Multi,4,3,0.00,0,100
CAMPAIGN,IN_PROGRESS,HIGH,110,18000.00,220000,9000,420,110,4.09,0.50,"Facebook;Instagram",Multi,4,3,0.00,0,110
CONTENT_CREATION,TO_DO,MEDIUM,9,480.00,6000,240,18,5,4.00,0.75,Website,Content,3,2,0.00,0,9
SEO,IN_PROGRESS,HIGH,34,2100.00,0,0,0,0,0.00,0.00,Website,Organic,4,3,0.00,0,34
SOCIAL_MEDIA,IN_REVIEW,MEDIUM,15,1200.00,26000,1000,50,12,3.85,0.48,"Instagram;TikTok",Social,3,2,0.00,0,15
EMAIL,TO_DO,LOW,2,40.00,1500,60,4,1,4.00,0.27,Email,Email,1,1,0.00,0,2
PPC,IN_PROGRESS,HIGH,52,24000.00,360000,16000,800,200,4.44,0.56,Google,SEM,5,4,0.00,1,52
ANALYTICS,IN_REVIEW,CRITICAL,64,4200.00,0,0,0,0,0.00,0.00,Internal,Analytics,5,4,0.00,0,64
DESIGN,TO_DO,MEDIUM,11,760.00,0,0,0,0,0.00,0.00,Website,Creative,3,2,0.00,0,11
COPYWRITING,IN_PROGRESS,LOW,7,210.00,0,0,0,0,0.00,0.00,Website,Content,2,1,0.00,0,7
PPC,IN_REVIEW,MEDIUM,19,3300.00,45000,1800,90,22,4.00,0.49,Display,Programmatic,4,2,0.00,0,19
SOCIAL_MEDIA,DONE,HIGH,28,4800.00,85000,3400,190,48,4.00,0.56,"Facebook;LinkedIn",Social,4,2,0.00,0,28
CONTENT_CREATION,IN_PROGRESS,HIGH,32,2600.00,42000,1600,95,26,3.81,0.62,YouTube,Video,4,3,0.00,0,32
EMAIL,IN_REVIEW,MEDIUM,10,520.00,14000,600,35,9,4.29,0.64,Email,Email,3,2,0.00,0,10
DESIGN,TO_DO,LOW,5,140.00,0,0,0,0,0.00,0.00,Display,Creative,2,1,0.00,0,5
ANALYTICS,TO_DO,HIGH,30,1600.00,0,0,0,0,0.00,0.00,Website,Conversion,4,3,0.00,0,30
SEO,IN_PROGRESS,MEDIUM,12,650.00,0,0,0,0,0.00,0.00,Website,Organic,3,2,0.00,0,12
CAMPAIGN,TO_DO,CRITICAL,240,30000.00,500000,22000,1200,300,4.40,0.60,"Facebook;Google",Multi,5,4,0.00,0,240
CONTENT_CREATION,TO_DO,LOW,4,160.00,2000,80,6,2,4.00,0.75,Website,Content,2,1,0.00,0,4
EMAIL,DONE,LOW,3,100.00,5000,200,12,3,4.00,0.60,Email,Email,1,1,0.00,0,3
PPC,IN_PROGRESS,HIGH,44,15000.00,250000,10000,500,120,4.00,0.48,Google,SEM,5,4,0.00,1,44
DESIGN,IN_REVIEW,MEDIUM,18,980.00,0,0,0,0,0.00,0.00,App,Creative,3,2,0.00,0,18
ANALYTICS,IN_PROGRESS,MEDIUM,14,720.00,0,0,0,0,0.00,0.00,Internal,Analytics,3,2,0.00,0,14
SEO,TO_DO,LOW,6,220.00,0,0,0,0,0.00,0.00,Website,Organic,1,1,0.00,0,6
SOCIAL_MEDIA,IN_PROGRESS,HIGH,36,6200.00,100000,4200,220,55,4.20,0.55,"Facebook;Instagram",Social,4,3,0.00,0,36
CONTENT_CREATION,IN_REVIEW,MEDIUM,22,1300.00,18000,700,40,11,3.89,0.61,Website,Content,3,2,0.00,0,22
EMAIL,IN_PROGRESS,MEDIUM,13,780.00,19000,850,48,12,4.47,0.63,Email,Email,3,2,0.00,0,13
PPC,TO_DO,MEDIUM,24,3600.00,60000,2600,130,32,4.33,0.55,Display,Programmatic,4,2,0.00,0,24
ANALYTICS,IN_PROGRESS,HIGH,30,1700.00,0,0,0,0,0.00,0.00,Website,Performance,4,3,0.00,0,30
DESIGN,TO_DO,LOW,6,200.00,0,0,0,0,0.00,0.00,Website,Creative,2,1,0.00,0,6
SEO,TO_DO,LOW,4,170.00,0,0,0,0,0.00,0.00,Google,Local,1,1,0.00,0,4
SOCIAL_MEDIA,IN_PROGRESS,HIGH,34,5600.00,95000,3800,210,52,4.00,0.55,"Facebook;LinkedIn",Social,4,3,0.00,0,34
CONTENT_CREATION,TO_DO,MEDIUM,17,880.00,11000,420,26,7,3.82,0.64,Website,Content,3,2,0.00,0,17
EMAIL,IN_REVIEW,LOW,4,160.00,6500,280,16,4,4.38,0.62,Email,Email,2,1,0.00,0,4
PPC,IN_PROGRESS,HIGH,50,21000.00,340000,15000,800,200,4.76,0.59,Google,SEM,5,4,0.00,1,50
ANALYTICS,TO_DO,CRITICAL,88,5200.00,0,0,0,0,0.00,0.00,Internal,Analytics,5,5,0.00,0,88
DESIGN,IN_REVIEW,MEDIUM,16,900.00,0,0,0,0,0.00,0.00,App,Creative,3,2,0.00,0,16
COPYWRITING,TO_DO,LOW,5,170.00,0,0,0,0,0.00,0.00,Website,Content,2,1,0.00,0,5
SEO,IN_PROGRESS,HIGH,30,1800.00,0,0,0,0,0.00,0.00,Website,Organic,4,3,0.00,0,30
SOCIAL_MEDIA,IN_REVIEW,MEDIUM,20,1500.00,35000,1300,70,18,3.71,0.51,"Facebook;LinkedIn",Social,3,2,0.00,0,20
CONTENT_CREATION,TO_DO,MEDIUM,24,1400.00,20000,800,50,12,4.00,0.60,Website,Content,3,2,0.00,0,24
EMAIL,IN_PROGRESS,MEDIUM,15,900.00,22000,1000,55,14,4.55,0.64,Email,Email,3,2,0.00,0,15
PPC,IN_REVIEW,MEDIUM,28,6400.00,100000,4200,210,55,4.20,0.53,Display,Programmatic,4,3,0.00,0,28
ANALYTICS,IN_PROGRESS,HIGH,26,1500.00,0,0,0,0,0.00,0.00,Website,Conversion,4,3,0.00,0,26
DESIGN,TO_DO,LOW,6,190.00,0,0,0,0,0.00,0.00,Website,Creative,2,1,0.00,0,6
SEO,TO_DO,LOW,4,170.00,0,0,0,0,0.00,0.00,Google,Local,1,1,0.00,0,4
SOCIAL_MEDIA,IN_PROGRESS,HIGH,38,7600.00,140000,6000,340,85,4.29,0.61,"Facebook;LinkedIn",Social,4,3,0.00,0,38
CONTENT_CREATION,TO_DO,MEDIUM,17,880.00,11000,420,26,7,3.82,0.64,Website,Content,3,2,0.00,0,17
EMAIL,IN_REVIEW,LOW,4,160.00,6500,280,16,4,4.38,0.62,Email,Email,2,1,0.00,0,4
PPC,IN_PROGRESS,HIGH,50,21000.00,340000,15000,800,200,4.76,0.59,Google,SEM,5,4,0.00,1,50
ANALYTICS,TO_DO,CRITICAL,88,5200.00,0,0,0,0,0.00,0.00,Internal,Analytics,5,5,0.00,0,88
DESIGN,IN_REVIEW,MEDIUM,16,900.00,0,0,0,0,0.00,0.00,App,Creative,3,2,0.00,0,16
COPYWRITING,TO_DO,LOW,5,170.00,0,0,0,0,0.00,0.00,Website,Content,2,1,0.00,0,5
SEO,IN_PROGRESS,HIGH,30,1800.00,0,0,0,0,0.00,0.00,Website,Organic,4,3,0.00,0,30
SOCIAL_MEDIA,IN_REVIEW,MEDIUM,20,1500.00,35000,1300,70,18,3.71,0.51,"Facebook;LinkedIn",Social,3,2,0.00,0,20
CONTENT_CREATION,TO_DO,MEDIUM,24,1400.00,20000,800,50,12,4.00,0.60,Website,Content,3,2,0.00,0,24
EMAIL,IN_PROGRESS,MEDIUM,15,900.00,22000,1000,55,14,4.55,0.64,Email,Email,3,2,0.00,0,15
PPC,IN_REVIEW,MEDIUM,28,6400.00,100000,4200,210,55,4.20,0.53,Display,Programmatic,4,3,0.00,0,28
ANALYTICS,IN_PROGRESS,HIGH,26,1500.00,0,0,0,0,0.00,0.00,Website,Conversion,4,3,0.00,0,26
DESIGN,TO_DO,LOW,6,190.00,0,0,0,0,0.00,0.00,Website,Creative,2,1,0.00,0,6
SEO,TO_DO,LOW,4,170.00,0,0,0,0,0.00,0.00,Google,Local,1,1,0.00,0,4
SOCIAL_MEDIA,IN_PROGRESS,HIGH,38,7600.00,140000,6000,340,85,4.29,0.61,"Facebook;LinkedIn",Social,4,3,0.00,0,38
CONTENT_CREATION,IN_REVIEW,MEDIUM,21,1150.00,14000,520,30,9,3.71,0.64,Website,Content,3,2,0.00,0,21
EMAIL,TO_DO,LOW,3,110.00,3200,130,7,2,4.17,0.63,Email,Email,1,1,0.00,0,3
PPC,IN_PROGRESS,HIGH,38,9800.00,160000,7600,380,100,4.63,0.60,Google,SEM,5,3,0.00,1,38
ANALYTICS,IN_REVIEW,CRITICAL,52,3000.00,0,0,0,0,0.00,0.00,Internal,Analytics,5,4,0.00,0,52
DESIGN,IN_PROGRESS,MEDIUM,14,840.00,0,0,0,0,0.00,0.00,App,Creative,3,2,0.00,0,14
COPYWRITING,IN_PROGRESS,LOW,6,190.00,0,0,0,0,0.00,0.00,Website,Content,2,1,0.00,0,6
SEO,IN_REVIEW,MEDIUM,18,980.00,0,0,0,0,0.00,0.00,Website,Organic,3,2,0.00,0,18
CAMPAIGN,IN_PROGRESS,HIGH,92,16000.00,240000,9500,480,120,3.96,0.50,"Facebook;Google",Multi,4,3,0.00,0,92
CONTENT_CREATION,TO_DO,MEDIUM,13,720.00,9500,360,24,6,3.79,0.63,Website,Content,3,2,0.00,0,13
EMAIL,IN_PROGRESS,MEDIUM,8,480.00,13000,560,32,8,4.31,0.62,Email,Email,3,2,0.00,0,8
PPC,IN_REVIEW,MEDIUM,22,4200.00,70000,3000,160,40,4.29,0.57,Display,Programmatic,4,2,0.00,0,22
ANALYTICS,TO_DO,HIGH,34,2100.00,0,0,0,0,0.00,0.00,Website,Performance,4,3,0.00,0,34
DESIGN,TO_DO,LOW,5,130.00,0,0,0,0,0.00,0.00,Website,Creative,2,1,0.00,0,5
SEO,IN_PROGRESS,MEDIUM,20,1100.00,0,0,0,0,0.00,0.00,Website,Organic,3,2,0.00,0,20
SOCIAL_MEDIA,IN_REVIEW,HIGH,28,5000.00,90000,3600,200,50,4.00,0.56,"Facebook;Instagram",Social,4,3,0.00,0,28
CONTENT_CREATION,IN_PROGRESS,MEDIUM,19,980.00,13000,480,28,8,3.69,0.61,Website,Content,3,2,0.00,0,19
EMAIL,TO_DO,LOW,3,95.00,2800,110,6,2,4.00,0.64,Email,Email,1,1,0.00,0,3
PPC,IN_PROGRESS,HIGH,44,14500.00,240000,11000,560,140,4.55,0.58,Google,SEM,5,3,0.00,1,44
ANALYTICS,IN_REVIEW,CRITICAL,68,4200.00,0,0,0,0,0.00,0.00,Internal,Analytics,5,4,0.00,0,68
DESIGN,IN_PROGRESS,MEDIUM,16,900.00,0,0,0,0,0.00,0.00,App,Creative,3,2,0.00,0,16
COPYWRITING,TO_DO,LOW,6,210.00,0,0,0,0,0.00,0.00,Website,Content,2,1,0.00,0,6
SEO,IN_REVIEW,HIGH,32,1700.00,0,0,0,0,0.00,0.00,Website,Organic,4,3,0.00,0,32
SOCIAL_MEDIA,IN_PROGRESS,MEDIUM,24,2000.00,42000,1600,90,24,3.81,0.57,"Instagram;TikTok",Social,3,2,0.00,0,24
CONTENT_CREATION,IN_REVIEW,HIGH,40,3000.00,52000,2100,130,34,4.04,0.62,YouTube,Video,4,3,0.00,0,40
EMAIL,IN_PROGRESS,MEDIUM,12,720.00,18000,800,45,11,4.44,0.61,Email,Email,3,2,0.00,0,12
PPC,TO_DO,MEDIUM,26,5600.00,90000,3800,200,50,4.22,0.56,Display,Programmatic,4,3,0.00,0,26
ANALYTICS,IN_PROGRESS,HIGH,30,1600.00,0,0,0,0,0.00,0.00,Website,Conversion,4,3,0.00,0,30
DESIGN,TO_DO,LOW,7,230.00,0,0,0,0,0.00,0.00,Website,Creative,2,1,0.00,0,7
SEO,TO_DO,LOW,4,150.00,0,0,0,0,0.00,0.00,Google,Local,1,1,0.00,0,4
SOCIAL_MEDIA,IN_PROGRESS,HIGH,38,7600.00,140000,6000,340,85,4.29,0.61,"Facebook;LinkedIn",Social,4,3,0.00,0,38
CONTENT_CREATION,TO_DO,MEDIUM,17,880.00,11000,420,26,7,3.82,0.64,Website,Content,3,2,0.00,0,17
EMAIL,IN_REVIEW,LOW,4,160.00,6500,280,16,4,4.38,0.62,Email,Email,2,1,0.00,0,4
PPC,IN_PROGRESS,HIGH,50,21000.00,340000,15000,800,200,4.76,0.59,Google,SEM,5,4,0.00,1,50
ANALYTICS,TO_DO,CRITICAL,88,5200.00,0,0,0,0,0.00,0.00,Internal,Analytics,5,5,0.00,0,88
DESIGN,IN_REVIEW,MEDIUM,16,900.00,0,0,0,0,0.00,0.00,App,Creative,3,2,0.00,0,16
COPYWRITING,TO_DO,LOW,5,170.00,0,0,0,0,0.00,0.00,Website,Content,2,1,0.00,0,5
SEO,IN_PROGRESS,HIGH,30,1800.00,0,0,0,0,0.00,0.00,Website,Organic,4,3,0.00,0,30
CAMPAIGN,IN_PROGRESS,HIGH,100,22000.00,350000,15000,800,200,4.55,0.57,"Facebook;Google",Multi,4,3,0.00,0,100
CAMPAIGN,IN_PROGRESS,HIGH,95,12500.00,180000,8200,420,105,4.56,0.58,"Facebook;Instagram",Multi,4,3,0.00,0,95
CONTENT_CREATION,TO_DO,MEDIUM,11,540.00,7000,260,18,5,3.71,0.64,Website,Content,3,2,0.00,0,11
SEO,IN_PROGRESS,HIGH,27,1400.00,0,0,0,0,0.00,0.00,Website,Organic,4,3,0.00,0,27
SOCIAL_MEDIA,IN_REVIEW,MEDIUM,13,980.00,24000,920,48,12,3.83,0.50,"Instagram;TikTok",Social,3,2,0.00,0,13
EMAIL,TO_DO,LOW,2,45.00,1200,50,4,1,4.17,0.33,Email,Email,1,1,0.00,0,2
PPC,IN_PROGRESS,HIGH,42,16000.00,260000,11000,560,140,4.23,0.54,Google,SEM,5,3,0.00,1,42
ANALYTICS,IN_REVIEW,CRITICAL,58,3400.00,0,0,0,0,0.00,0.00,Internal,Analytics,5,4,0.00,0,58
DESIGN,TO_DO,MEDIUM,9,680.00,0,0,0,0,0.00,0.00,Website,Creative,3,2,0.00,0,9
COPYWRITING,IN_PROGRESS,LOW,6,210.00,0,0,0,0,0.00,0.00,Website,Content,2,1,0.00,0,6
PPC,IN_REVIEW,MEDIUM,21,3000.00,42000,1700,85,20,4.05,0.51,Display,Programmatic,4,2,0.00,0,21
SOCIAL_MEDIA,DONE,HIGH,34,5200.00,95000,3800,210,52,4.00,0.56,"Facebook;LinkedIn",Social,4,2,0.00,0,34
CONTENT_CREATION,IN_PROGRESS,HIGH,30,2400.00,36000,1400,80,20,3.89,0.56,YouTube,Video,4,3,0.00,0,30
EMAIL,IN_REVIEW,MEDIUM,10,580.00,15000,650,36,9,4.33,0.60,Email,Email,3,2,0.00,0,10
DESIGN,TO_DO,LOW,5,130.00,0,0,0,0,0.00,0.00,Display,Creative,2,1,0.00,0,5
ANALYTICS,TO_DO,HIGH,28,1500.00,0,0,0,0,0.00,0.00,Website,Conversion,4,3,0.00,0,28
SEO,IN_PROGRESS,MEDIUM,15,820.00,0,0,0,0,0.00,0.00,Website,Organic,3,2,0.00,0,15
CAMPAIGN,TO_DO,CRITICAL,210,28000.00,420000,19000,1000,260,4.52,0.62,"Facebook;Google",Multi,5,4,0.00,0,210
CONTENT_CREATION,TO_DO,LOW,4,170.00,1800,70,6,2,3.89,0.67,Website,Content,2,1,0.00,0,4
EMAIL,DONE,LOW,3,95.00,5200,220,12,3,4.17,0.60,Email,Email,1,1,0.00,0,3
PPC,IN_PROGRESS,HIGH,48,18000.00,300000,14000,700,170,4.44,0.57,Google,SEM,5,4,0.00,1,48
DESIGN,IN_REVIEW,MEDIUM,20,1200.00,0,0,0,0,0.00,0.00,App,Creative,3,2,0.00,0,20
ANALYTICS,IN_PROGRESS,MEDIUM,16,760.00,0,0,0,0,0.00,0.00,Internal,Analytics,3,2,0.00,0,16
SEO,TO_DO,LOW,6,210.00,0,0,0,0,0.00,0.00,Website,Organic,1,1,0.00,0,6
SOCIAL_MEDIA,IN_PROGRESS,HIGH,40,9000.00,160000,7000,380,95,4.38,0.59,"Instagram;TikTok",Social,4,3,0.00,0,40
CONTENT_CREATION,IN_REVIEW,MEDIUM,22,1350.00,19000,750,42,11,3.95,0.58,Website,Content,3,2,0.00,0,22
EMAIL,IN_PROGRESS,MEDIUM,14,820.00,20000,900,50,13,4.50,0.65,Email,Email,3,2,0.00,0,14
PPC,TO_DO,MEDIUM,26,4800.00,85000,3600,180,45,4.24,0.53,Display,Programmatic,4,2,0.00,0,26
ANALYTICS,IN_REVIEW,HIGH,32,1800.00,0,0,0,0,0.00,0.00,Website,Performance,4,3,0.00,0,32
DESIGN,TO_DO,LOW,7,210.00,0,0,0,0,0.00,0.00,Website,Creative,2,1,0.00,0,7
SEO,TO_DO,LOW,4,160.00,0,0,0,0,0.00,0.00,Google,Local,1,1,0.00,0,4
SOCIAL_MEDIA,IN_REVIEW,MEDIUM,18,1250.00,30000,1100,55,14,3.67,0.46,"LinkedIn;Twitter",Social,3,2,0.00,0,18
CONTENT_CREATION,IN_PROGRESS,HIGH,36,2800.00,48000,1900,110,28,3.96,0.58,YouTube,Video,4,3,0.00,0,36
EMAIL,TO_DO,LOW,3,110.00,3200,130,7,2,4.17,0.63,Email,Email,1,1,0.00,0,3
PPC,IN_PROGRESS,CRITICAL,78,46000.00,700000,35000,1800,450,5.00,0.64,Google,SEM,5,4,0.00,2,78
ANALYTICS,TO_DO,CRITICAL,92,5600.00,0,0,0,0,0.00,0.00,Internal,Analytics,5,5,0.00,0,92
DESIGN,IN_REVIEW,MEDIUM,18,980.00,0,0,0,0,0.00,0.00,App,Creative,3,2,0.00,0,18
COPYWRITING,TO_DO,LOW,5,160.00,0,0,0,0,0.00,0.00,Website,Content,2,1,0.00,0,5
SEO,IN_PROGRESS,HIGH,34,2000.00,0,0,0,0,0.00,0.00,Website,Organic,4,3,0.00,0,34
SOCIAL_MEDIA,IN_PROGRESS,MEDIUM,24,2100.00,42000,1600,90,24,3.81,0.57,"Facebook;Instagram",Social,3,2,0.00,0,24
CONTENT_CREATION,IN_REVIEW,HIGH,42,3200.00,56000,2300,140,36,4.11,0.63,YouTube,Video,4,3,0.00,0,42
EMAIL,IN_PROGRESS,MEDIUM,12,700.00,17000,780,42,11,4.59,0.65,Email,Email,3,2,0.00,0,12
PPC,TO_DO,MEDIUM,30,7200.00,120000,5200,260,70,4.33,0.55,Display,Programmatic,4,3,0.00,0,30
ANALYTICS,IN_PROGRESS,HIGH,28,1500.00,0,0,0,0,0.00,0.00,Website,Conversion,4,3,0.00,0,28
DESIGN,TO_DO,LOW,6,190.00,0,0,0,0,0.00,0.00,Website,Creative,2,1,0.00,0,6
SEO,TO_DO,LOW,3,120.00,0,0,0,0,0.00,0.00,Google,Local,1,1,0.00,0,3
SOCIAL_MEDIA,IN_PROGRESS,HIGH,46,9800.00,170000,7600,380,95,4.47,0.56,"Instagram;TikTok",Social,4,3,0.00,0,46
CONTENT_CREATION,TO_DO,MEDIUM,20,1100.00,14000,520,30,9,3.71,0.64,Website,Content,3,2,0.00,0,20
EMAIL,IN_REVIEW,LOW,4,140.00,6000,260,14,4,4.33,0.67,Email,Email,2,1,0.00,0,4
PPC,IN_PROGRESS,HIGH,36,12500.00,210000,9000,450,110,4.29,0.54,Google,SEM,5,3,0.00,1,36
ANALYTICS,IN_REVIEW,CRITICAL,60,3000.00,0,0,0,0,0.00,0.00,Internal,Analytics,5,4,0.00,0,60
DESIGN,IN_PROGRESS,MEDIUM,14,820.00,0,0,0,0,0.00,0.00,Website,Creative,3,2,0.00,0,14
COPYWRITING,IN_PROGRESS,LOW,6,200.00,0,0,0,0,0.00,0.00,Website,Content,2,1,0.00,0,6
SEO,IN_REVIEW,MEDIUM,18,980.00,0,0,0,0,0.00,0.00,Website,Organic,3,2,0.00,0,18
CAMPAIGN,IN_PROGRESS,HIGH,120,26000.00,420000,18000,900,230,4.29,0.55,"Facebook;Google",Multi,4,3,0.00,0,120
CONTENT_CREATION,TO_DO,LOW,8,300.00,4500,180,12,3,3.75,0.67,Website,Content,2,1,0.00,0,8
EMAIL,DONE,LOW,3,85.00,4800,200,11,3,4.12,0.63,Email,Email,1,1,0.00,0,3
PPC,IN_PROGRESS,HIGH,54,26000.00,420000,18000,900,230,4.38,0.55,Google,SEM,5,4,0.00,1,54
DESIGN,IN_REVIEW,MEDIUM,22,1400.00,0,0,0,0,0.00,0.00,App,Creative,3,2,0.00,0,22
ANALYTICS,IN_PROGRESS,MEDIUM,18,900.00,0,0,0,0,0.00,0.00,Internal,Analytics,3,2,0.00,0,18
SEO,TO_DO,LOW,5,200.00,0,0,0,0,0.00,0.00,Website,Organic,1,1,0.00,0,5
SOCIAL_MEDIA,IN_PROGRESS,HIGH,44,12000.00,220000,9500,480,120,4.32,0.55,"Facebook;Instagram",Social,4,3,0.00,0,44
CONTENT_CREATION,IN_REVIEW,MEDIUM,24,1500.00,22000,900,50,13,4.09,0.59,Website,Content,3,2,0.00,0,24
EMAIL,IN_PROGRESS,MEDIUM,16,980.00,23000,1100,60,15,4.78,0.65,Email,Email,3,2,0.00,0,16
PPC,TO_DO,MEDIUM,28,6800.00,110000,4800,240,60,4.36,0.55,Display,Programmatic,4,3,0.00,0,28
ANALYTICS,IN_REVIEW,HIGH,34,2000.00,0,0,0,0,0.00,0.00,Website,Performance,4,3,0.00,0,34
DESIGN,TO_DO,LOW,6,180.00,0,0,0,0,0.00,0.00,Website,Creative,2,1,0.00,0,6
SEO,TO_DO,LOW,4,150.00,0,0,0,0,0.00,0.00,Google,Local,1,1,0.00,0,4
SOCIAL_MEDIA,IN_PROGRESS,HIGH,50,14000.00,260000,11000,560,140,4.23,0.54,"Instagram;TikTok",Social,4,3,0.00,0,50
CONTENT_CREATION,TO_DO,MEDIUM,19,980.00,13000,480,28,8,3.69,0.61,Website,Content,3,2,0.00,0,19
EMAIL,IN_REVIEW,LOW,4,150.00,7000,300,18,4,4.29,0.57,Email,Email,2,1,0.00,0,4
PPC,IN_PROGRESS,HIGH,46,17000.00,280000,12000,600,150,4.29,0.54,Google,SEM,5,4,0.00,1,46
ANALYTICS,TO_DO,CRITICAL,76,4800.00,0,0,0,0,0.00,0.00,Internal,Analytics,5,4,0.00,0,76
DESIGN,IN_REVIEW,MEDIUM,20,1100.00,0,0,0,0,0.00,0.00,App,Creative,3,2,0.00,0,20
COPYWRITING,IN_PROGRESS,LOW,6,190.00,0,0,0,0,0.00,0.00,Website,Content,2,1,0.00,0,6
SEO,IN_REVIEW,MEDIUM,22,1200.00,0,0,0,0,0.00,0.00,Website,Organic,3,2,0.00,0,22
CAMPAIGN,IN_PROGRESS,HIGH,130,30000.00,500000,22000,1200,320,4.62,0.61,"Facebook;Google",Multi,4,3,0.00,0,130
CONTENT_CREATION,TO_DO,LOW,7,260.00,3500,140,10,3,3.71,0.67,Website,Content,2,1,0.00,0,7
EMAIL,DONE,LOW,3,90.00,4800,200,11,3,4.12,0.63,Email,Email,1,1,0.00,0,3
PPC,IN_PROGRESS,HIGH,60,32000.00,520000,26000,1300,340,4.56,0.65,Google,SEM,5,4,0.00,2,60
CAMPAIGN,IN_PROGRESS,HIGH,85,14000.00,210000,9000,420,105,4.29,0.50,"Facebook;Instagram",Multi,4,3,0.00,0,85
CONTENT_CREATION,TO_DO,MEDIUM,7,420.00,6000,220,14,4,3.67,0.67,Website,Content,3,2,0.00,0,7
SEO,IN_PROGRESS,MEDIUM,18,950.00,0,0,0,0,0.00,0.00,Website,Organic,3,2,0.00,0,18
SOCIAL_MEDIA,IN_REVIEW,MEDIUM,11,760.00,20000,800,38,9,4.00,0.40,"Instagram;TikTok",Social,3,2,0.00,0,11
EMAIL,TO_DO,LOW,2,60.00,1800,70,5,1,3.89,0.28,Email,Email,1,1,0.00,0,2
PPC,IN_PROGRESS,HIGH,46,17000.00,260000,11000,560,140,4.23,0.54,Google,SEM,5,3,0.00,1,46
ANALYTICS,IN_REVIEW,CRITICAL,54,3600.00,0,0,0,0,0.00,0.00,Internal,Analytics,5,4,0.00,0,54
DESIGN,TO_DO,MEDIUM,9,640.00,0,0,0,0,0.00,0.00,Website,Creative,3,2,0.00,0,9
COPYWRITING,IN_PROGRESS,LOW,5,180.00,0,0,0,0,0.00,0.00,Website,Content,2,1,0.00,0,5
PPC,IN_REVIEW,MEDIUM,20,3200.00,42000,1700,85,20,4.05,0.51,Display,Programmatic,4,2,0.00,0,20
SOCIAL_MEDIA,DONE,HIGH,32,4800.00,90000,3600,180,45,4.00,0.50,"Facebook;LinkedIn",Social,4,2,0.00,0,32
CONTENT_CREATION,IN_PROGRESS,HIGH,28,2200.00,34000,1300,70,18,3.82,0.53,YouTube,Video,4,3,0.00,0,28
EMAIL,IN_REVIEW,MEDIUM,9,520.00,14000,600,35,9,4.29,0.64,Email,Email,3,2,0.00,0,9
DESIGN,TO_DO,LOW,6,150.00,0,0,0,0,0.00,0.00,Display,Creative,2,1,0.00,0,6
ANALYTICS,TO_DO,HIGH,26,1400.00,0,0,0,0,0.00,0.00,Website,Conversion,4,3,0.00,0,26
SEO,IN_PROGRESS,MEDIUM,14,720.00,0,0,0,0,0.00,0.00,Website,Organic,3,2,0.00,0,14
CAMPAIGN,TO_DO,CRITICAL,200,26000.00,380000,17000,900,230,4.47,0.61,"Facebook;Google",Multi,5,4,0.00,0,200
CONTENT_CREATION,TO_DO,LOW,3,120.00,1500,60,4,1,4.00,0.27,Website,Content,2,1,0.00,0,3
EMAIL,DONE,LOW,4,100.00,5200,220,12,3,4.17,0.60,Email,Email,1,1,0.00,0,4
PPC,IN_PROGRESS,HIGH,50,20000.00,320000,14000,700,170,4.44,0.57,Google,SEM,5,4,0.00,1,50
DESIGN,IN_REVIEW,MEDIUM,18,1100.00,0,0,0,0,0.00,0.00,App,Creative,3,2,0.00,0,18
ANALYTICS,IN_PROGRESS,MEDIUM,16,780.00,0,0,0,0,0.00,0.00,Internal,Analytics,3,2,0.00,0,16
SEO,TO_DO,LOW,5,200.00,0,0,0,0,0.00,0.00,Website,Organic,1,1,0.00,0,5
SOCIAL_MEDIA,IN_PROGRESS,HIGH,38,8800.00,150000,6500,340,85,4.33,0.57,"Instagram;TikTok",Social,4,3,0.00,0,38
CONTENT_CREATION,IN_REVIEW,MEDIUM,22,1300.00,18000,700,40,11,3.89,0.61,Website,Content,3,2,0.00,0,22
EMAIL,IN_PROGRESS,MEDIUM,12,760.00,17000,800,45,11,4.47,0.63,Email,Email,3,2,0.00,0,12
PPC,TO_DO,MEDIUM,24,4200.00,70000,3000,160,40,4.29,0.57,Display,Programmatic,4,2,0.00,0,24
ANALYTICS,IN_REVIEW,HIGH,30,1600.00,0,0,0,0,0.00,0.00,Website,Performance,4,3,0.00,0,30
DESIGN,TO_DO,LOW,7,200.00,0,0,0,0,0.00,0.00,Website,Creative,2,1,0.00,0,7
SEO,TO_DO,LOW,4,150.00,0,0,0,0,0.00,0.00,Google,Local,1,1,0.00,0,4
SOCIAL_MEDIA,IN_REVIEW,MEDIUM,15,1100.00,26000,1000,50,12,3.83,0.50,"Instagram;Pinterest",Social,3,2,0.00,0,15
CONTENT_CREATION,IN_PROGRESS,HIGH,34,2600.00,42000,1600,95,26,3.81,0.62,YouTube,Video,4,3,0.00,0,34
EMAIL,TO_DO,LOW,3,90.00,2500,100,6,1,4.00,0.60,Email,Email,1,1,0.00,0,3
PPC,IN_PROGRESS,CRITICAL,70,48000.00,750000,37000,1900,480,5.00,0.64,Google,SEM,5,4,0.00,2,70
ANALYTICS,TO_DO,CRITICAL,84,5200.00,0,0,0,0,0.00,0.00,Internal,Analytics,5,5,0.00,0,84
DESIGN,IN_REVIEW,MEDIUM,20,1250.00,0,0,0,0,0.00,0.00,App,Creative,3,2,0.00,0,20
COPYWRITING,TO_DO,LOW,6,200.00,0,0,0,0,0.00,0.00,Website,Content,2,1,0.00,0,6
SEO,IN_PROGRESS,HIGH,32,1800.00,0,0,0,0,0.00,0.00,Website,Organic,4,3,0.00,0,32
SOCIAL_MEDIA,IN_PROGRESS,MEDIUM,26,2100.00,42000,1600,90,24,3.81,0.57,"Facebook;LinkedIn",Social,3,2,0.00,0,26
CONTENT_CREATION,TO_DO,MEDIUM,16,900.00,10000,380,25,7,3.80,0.70,Website,Content,3,2,0.00,0,16
EMAIL,IN_REVIEW,LOW,4,140.00,6000,260,14,4,4.33,0.67,Email,Email,2,1,0.00,0,4
PPC,IN_PROGRESS,HIGH,40,13000.00,210000,9000,450,110,4.29,0.54,Google,SEM,5,3,0.00,1,40
ANALYTICS,IN_REVIEW,CRITICAL,56,3200.00,0,0,0,0,0.00,0.00,Internal,Analytics,5,4,0.00,0,56
DESIGN,IN_PROGRESS,MEDIUM,14,820.00,0,0,0,0,0.00,0.00,Website,Creative,3,2,0.00,0,14
COPYWRITING,IN_PROGRESS,LOW,5,170.00,0,0,0,0,0.00,0.00,Website,Content,2,1,0.00,0,5
SEO,IN_REVIEW,MEDIUM,18,980.00,0,0,0,0,0.00,0.00,Website,Organic,3,2,0.00,0,18
CAMPAIGN,IN_PROGRESS,HIGH,110,28000.00,460000,20000,1000,260,4.35,0.56,"Facebook;Google",Multi,4,3,0.00,0,110
CONTENT_CREATION,TO_DO,LOW,8,260.00,3500,140,10,3,3.71,0.67,Website,Content,2,1,0.00,0,8
EMAIL,DONE,LOW,3,95.00,4800,200,11,3,4.12,0.63,Email,Email,1,1,0.00,0,3
PPC,IN_PROGRESS,HIGH,58,30000.00,480000,22000,1100,280,4.40,0.58,Google,SEM,5,4,0.00,2,58
DESIGN,IN_REVIEW,MEDIUM,22,1400.00,0,0,0,0,0.00,0.00,App,Creative,3,2,0.00,0,22
ANALYTICS,IN_PROGRESS,MEDIUM,18,900.00,0,0,0,0,0.00,0.00,Internal,Analytics,3,2,0.00,0,18
SEO,TO_DO,LOW,5,200.00,0,0,0,0,0.00,0.00,Website,Organic,1,1,0.00,0,5
SOCIAL_MEDIA,IN_PROGRESS,HIGH,44,12000.00,220000,9500,480,120,4.32,0.55,"Facebook;Instagram",Social,4,3,0.00,0,44
CONTENT_CREATION,IN_REVIEW,MEDIUM,24,1500.00,22000,900,50,13,4.09,0.59,Website,Content,3,2,0.00,0,24
EMAIL,IN_PROGRESS,MEDIUM,16,980.00,23000,1100,60,15,4.78,0.65,Email,Email,3,2,0.00,0,16
PPC,TO_DO,MEDIUM,28,6800.00,110000,4800,240,60,4.36,0.55,Display,Programmatic,4,3,0.00,0,28
ANALYTICS,IN_REVIEW,HIGH,34,2000.00,0,0,0,0,0.00,0.00,Website,Performance,4,3,0.00,0,34
DESIGN,TO_DO,LOW,6,180.00,0,0,0,0,0.00,0.00,Website,Creative,2,1,0.00,0,6
SEO,TO_DO,LOW,4,150.00,0,0,0,0,0.00,0.00,Google,Local,1,1,0.00,0,4
SOCIAL_MEDIA,IN_PROGRESS,HIGH,52,15000.00,280000,12000,600,150,4.29,0.54,"Instagram;TikTok",Social,4,3,0.00,0,52
CONTENT_CREATION,TO_DO,MEDIUM,20,1100.00,14000,520,30,9,3.71,0.64,Website,Content,3,2,0.00,0,20
EMAIL,IN_REVIEW,LOW,4,140.00,6000,260,14,4,4.33,0.67,Email,Email,2,1,0.00,0,4
PPC,IN_PROGRESS,HIGH,42,16000.00,260000,11000,560,140,4.23,0.54,Google,SEM,5,3,0.00,1,42
ANALYTICS,TO_DO,CRITICAL,72,4200.00,0,0,0,0,0.00,0.00,Internal,Analytics,5,4,0.00,0,72
DESIGN,IN_REVIEW,MEDIUM,16,920.00,0,0,0,0,0.00,0.00,App,Creative,3,2,0.00,0,16
COPYWRITING,TO_DO,LOW,6,190.00,0,0,0,0,0.00,0.00,Website,Content,2,1,0.00,0,6
SEO,IN_REVIEW,HIGH,30,1700.00,0,0,0,0,0.00,0.00,Website,Organic,4,3,0.00,0,30
SOCIAL_MEDIA,IN_PROGRESS,MEDIUM,26,2000.00,42000,1600,90,24,3.81,0.57,"Facebook;LinkedIn",Social,3,2,0.00,0,26
CONTENT_CREATION,IN_REVIEW,HIGH,38,3000.00,52000,2100,130,34,4.04,0.62,YouTube,Video,4,3,0.00,0,38
EMAIL,IN_PROGRESS,MEDIUM,12,720.00,18000,800,45,11,4.44,0.61,Email,Email,3,2,0.00,0,12
PPC,TO_DO,MEDIUM,26,5600.00,90000,3800,200,50,4.22,0.56,Display,Programmatic,4,3,0.00,0,26
ANALYTICS,IN_PROGRESS,HIGH,30,1600.00,0,0,0,0,0.00,0.00,Website,Conversion,4,3,0.00,0,30
DESIGN,TO_DO,LOW,7,230.00,0,0,0,0,0.00,0.00,Website,Creative,2,1,0.00,0,7
SEO,TO_DO,LOW,4,150.00,0,0,0,0,0.00,0.00,Google,Local,1,1,0.00,0,4
SOCIAL_MEDIA,IN_PROGRESS,HIGH,48,14000.00,260000,11000,560,140,4.23,0.54,"Instagram;TikTok",Social,4,3,0.00,0,48
CONTENT_CREATION,TO_DO,MEDIUM,18,980.00,13000,480,28,8,3.69,0.61,Website,Content,3,2,0.00,0,18
EMAIL,IN_REVIEW,LOW,4,150.00,7000,300,18,4,4.29,0.57,Email,Email,2,1,0.00,0,4
PPC,IN_PROGRESS,HIGH,46,17000.00,280000,12000,600,150,4.29,0.54,Google,SEM,5,4,0.00,1,46
ANALYTICS,TO_DO,CRITICAL,80,5200.00,0,0,0,0,0.00,0.00,Internal,Analytics,5,5,0.00,0,80
DESIGN,IN_REVIEW,MEDIUM,18,1000.00,0,0,0,0,0.00,0.00,App,Creative,3,2,0.00,0,18
COPYWRITING,IN_PROGRESS,LOW,6,200.00,0,0,0,0,0.00,0.00,Website,Content,2,1,0.00,0,6
SEO,IN_REVIEW,MEDIUM,22,1200.00,0,0,0,0,0.00,0.00,Website,Organic,3,2,0.00,0,22
CAMPAIGN,IN_PROGRESS,HIGH,140,32000.00,560000,26000,1300,340,4.38,0.58,"Facebook;Google",Multi,4,3,0.00,0,140
CONTENT_CREATION,TO_DO,LOW,7,240.00,3200,120,9,2,3.71,0.67,Website,Content,2,1,0.00,0,7
EMAIL,DONE,LOW,3,85.00,4800,200,11,3,4.12,0.63,Email,Email,1,1,0.00,0,3
PPC,IN_PROGRESS,HIGH,62,34000.00,560000,26000,1300,340,4.52,0.59,Google,SEM,5,4,0.00,2,62
CAMPAIGN,IN_PROGRESS,HIGH,78,14500.00,210000,9200,460,115,4.38,0.55,"Facebook;Instagram",Multi,4,3,0.00,0,78
CONTENT_CREATION,TO_DO,MEDIUM,10,520.00,7000,280,18,5,4.00,0.64,Website,Content,3,2,0.00,0,10
SEO,IN_REVIEW,MEDIUM,21,1100.00,0,0,0,0,0.00,0.00,Website,Organic,3,2,0.00,0,21
SOCIAL_MEDIA,IN_PROGRESS,MEDIUM,13,980.00,26000,950,48,12,3.65,0.46,"Instagram;TikTok",Social,3,2,0.00,0,13
EMAIL,TO_DO,LOW,2,55.00,1600,65,5,1,4.06,0.31,Email,Email,1,1,0.00,0,2
PPC,IN_PROGRESS,HIGH,34,12500.00,200000,9000,450,110,4.50,0.55,Google,SEM,5,3,0.00,1,34
ANALYTICS,IN_REVIEW,CRITICAL,46,2800.00,0,0,0,0,0.00,0.00,Internal,Analytics,5,4,0.00,0,46
DESIGN,TO_DO,MEDIUM,12,760.00,0,0,0,0,0.00,0.00,Website,Creative,3,2,0.00,0,12
COPYWRITING,IN_PROGRESS,LOW,6,210.00,0,0,0,0,0.00,0.00,Website,Content,2,1,0.00,0,6
PPC,IN_REVIEW,MEDIUM,18,3400.00,45000,1800,90,22,4.00,0.50,Display,Programmatic,4,2,0.00,0,18
SOCIAL_MEDIA,DONE,HIGH,28,5200.00,90000,3600,180,45,4.00,0.50,"Facebook;LinkedIn",Social,4,2,0.00,0,28
CONTENT_CREATION,IN_PROGRESS,HIGH,36,2600.00,42000,1600,95,26,3.81,0.62,YouTube,Video,4,3,0.00,0,36
EMAIL,IN_REVIEW,MEDIUM,9,540.00,15000,650,36,9,4.33,0.60,Email,Email,3,2,0.00,0,9
DESIGN,TO_DO,LOW,5,140.00,0,0,0,0,0.00,0.00,Display,Creative,2,1,0.00,0,5
ANALYTICS,TO_DO,HIGH,26,1500.00,0,0,0,0,0.00,0.00,Website,Conversion,4,3,0.00,0,26
SEO,IN_PROGRESS,MEDIUM,16,820.00,0,0,0,0,0.00,0.00,Website,Organic,3,2,0.00,0,16
CAMPAIGN,TO_DO,CRITICAL,220,30000.00,480000,21000,1100,280,4.38,0.60,"Facebook;Google",Multi,5,4,0.00,0,220
CONTENT_CREATION,TO_DO,LOW,4,180.00,2000,80,6,2,3.89,0.67,Website,Content,2,1,0.00,0,4
EMAIL,DONE,LOW,3,95.00,5200,220,12,3,4.17,0.60,Email,Email,1,1,0.00,0,3
PPC,IN_PROGRESS,HIGH,48,18000.00,300000,14000,700,170,4.44,0.57,Google,SEM,5,4,0.00,1,48
DESIGN,IN_REVIEW,MEDIUM,20,1200.00,0,0,0,0,0.00,0.00,App,Creative,3,2,0.00,0,20
ANALYTICS,IN_PROGRESS,MEDIUM,14,760.00,0,0,0,0,0.00,0.00,Internal,Analytics,3,2,0.00,0,14
SEO,TO_DO,LOW,6,210.00,0,0,0,0,0.00,0.00,Website,Organic,1,1,0.00,0,6
SOCIAL_MEDIA,IN_PROGRESS,HIGH,40,9000.00,160000,7000,380,95,4.38,0.59,"Instagram;TikTok",Social,4,3,0.00,0,40
CONTENT_CREATION,IN_REVIEW,MEDIUM,22,1350.00,19000,750,42,11,3.95,0.58,Website,Content,3,2,0.00,0,22
EMAIL,IN_PROGRESS,MEDIUM,14,820.00,20000,900,50,13,4.50,0.65,Email,Email,3,2,0.00,0,14
PPC,TO_DO,MEDIUM,26,4800.00,85000,3600,180,45,4.24,0.53,Display,Programmatic,4,2,0.00,0,26
ANALYTICS,IN_REVIEW,HIGH,32,1800.00,0,0,0,0,0.00,0.00,Website,Performance,4,3,0.00,0,32
DESIGN,TO_DO,LOW,7,210.00,0,0,0,0,0.00,0.00,Website,Creative,2,1,0.00,0,7
SEO,TO_DO,LOW,3,120.00,0,0,0,0,0.00,0.00,Google,Local,1,1,0.00,0,3
SOCIAL_MEDIA,IN_REVIEW,MEDIUM,16,1100.00,26000,900,45,11,3.46,0.42,"Instagram;Pinterest",Social,3,2,0.00,0,16
CONTENT_CREATION,IN_PROGRESS,HIGH,34,2400.00,38000,1500,85,22,3.95,0.58,YouTube,Video,4,3,0.00,0,34
EMAIL,TO_DO,LOW,2,55.00,1200,50,3,1,4.17,0.25,Email,Email,1,1,0.00,0,2
PPC,IN_PROGRESS,HIGH,40,12500.00,200000,9000,450,110,4.50,0.55,Google,SEM,5,3,0.00,1,40
ANALYTICS,IN_REVIEW,CRITICAL,50,2800.00,0,0,0,0,0.00,0.00,Internal,Analytics,5,4,0.00,0,50
DESIGN,IN_PROGRESS,MEDIUM,12,760.00,0,0,0,0,0.00,0.00,App,Creative,3,2,0.00,0,12
COPYWRITING,IN_REVIEW,LOW,8,260.00,0,0,0,0,0.00,0.00,Website,Content,2,1,0.00,0,8
SEO,TO_DO,MEDIUM,10,520.00,0,0,0,0,0.00,0.00,Website,Organic,3,2,0.00,0,10
SOCIAL_MEDIA,IN_PROGRESS,HIGH,36,6200.00,100000,4200,220,55,4.20,0.55,"Facebook;LinkedIn",Social,4,3,0.00,0,36
CONTENT_CREATION,IN_REVIEW,MEDIUM,22,1300.00,18000,700,40,11,3.89,0.61,Website,Content,3,2,0.00,0,22
EMAIL,IN_PROGRESS,MEDIUM,13,780.00,19000,850,48,12,4.47,0.63,Email,Email,3,2,0.00,0,13
PPC,TO_DO,MEDIUM,24,3600.00,60000,2600,130,32,4.33,0.55,Display,Programmatic,4,2,0.00,0,24
ANALYTICS,IN_PROGRESS,HIGH,30,1700.00,0,0,0,0,0.00,0.00,Website,Performance,4,3,0.00,0,30
DESIGN,TO_DO,LOW,6,200.00,0,0,0,0,0.00,0.00,Website,Creative,2,1,0.00,0,6
SEO,TO_DO,LOW,4,170.00,0,0,0,0,0.00,0.00,Google,Local,1,1,0.00,0,4
SOCIAL_MEDIA,IN_PROGRESS,HIGH,34,5600.00,95000,3800,210,52,4.00,0.55,"Facebook;Instagram",Social,4,3,0.00,0,34
CONTENT_CREATION,TO_DO,MEDIUM,17,880.00,11000,420,26,7,3.82,0.64,Website,Content,3,2,0.00,0,17
EMAIL,IN_REVIEW,LOW,4,160.00,6500,280,16,4,4.38,0.62,Email,Email,2,1,0.00,0,4
PPC,IN_PROGRESS,HIGH,50,21000.00,340000,15000,800,200,4.76,0.59,Google,SEM,5,4,0.00,1,50
ANALYTICS,TO_DO,CRITICAL,88,5200.00,0,0,0,0,0.00,0.00,Internal,Analytics,5,5,0.00,0,88
DESIGN,IN_REVIEW,MEDIUM,16,900.00,0,0,0,0,0.00,0.00,App,Creative,3,2,0.00,0,16
COPYWRITING,TO_DO,LOW,5,170.00,0,0,0,0,0.00,0.00,Website,Content,2,1,0.00,0,5
SEO,IN_PROGRESS,HIGH,30,1800.00,0,0,0,0,0.00,0.00,Website,Organic,4,3,0.00,0,30
CAMPAIGN,IN_PROGRESS,HIGH,100,22000.00,350000,15000,800,200,4.55,0.57,"Facebook;Google",Multi,4,3,0.00,0,100
CONTENT_CREATION,TO_DO,MEDIUM,13,720.00,9500,360,24,6,3.79,0.63,Website,Content,3,2,0.00,0,13
EMAIL,IN_PROGRESS,MEDIUM,8,480.00,13000,560,32,8,4.31,0.62,Email,Email,3,2,0.00,0,8
PPC,IN_REVIEW,MEDIUM,22,4200.00,70000,3000,160,40,4.29,0.57,Display,Programmatic,4,2,0.00,0,22
ANALYTICS,TO_DO,HIGH,34,2100.00,0,0,0,0,0.00,0.00,Website,Performance,4,3,0.00,0,34
DESIGN,TO_DO,LOW,5,130.00,0,0,0,0,0.00,0.00,Website,Creative,2,1,0.00,0,5
SEO,IN_PROGRESS,MEDIUM,20,1100.00,0,0,0,0,0.00,0.00,Website,Organic,3,2,0.00,0,20
SOCIAL_MEDIA,IN_REVIEW,HIGH,28,5000.00,90000,3600,200,50,4.00,0.56,"Facebook;Instagram",Social,4,3,0.00,0,28
CONTENT_CREATION,IN_PROGRESS,MEDIUM,19,980.00,13000,480,28,8,3.69,0.61,Website,Content,3,2,0.00,0,19
EMAIL,TO_DO,LOW,3,95.00,2800,110,6,2,4.00,0.64,Email,Email,1,1,0.00,0,3
PPC,IN_PROGRESS,HIGH,44,14500.00,240000,11000,560,140,4.55,0.58,Google,SEM,5,3,0.00,1,44
ANALYTICS,IN_REVIEW,CRITICAL,68,4200.00,0,0,0,0,0.00,0.00,Internal,Analytics,5,4,0.00,0,68
DESIGN,IN_PROGRESS,MEDIUM,16,900.00,0,0,0,0,0.00,0.00,App,Creative,3,2,0.00,0,16
COPYWRITING,TO_DO,LOW,6,210.00,0,0,0,0,0.00,0.00,Website,Content,2,1,0.00,0,6
SEO,IN_REVIEW,HIGH,32,1700.00,0,0,0,0,0.00,0.00,Website,Organic,4,3,0.00,0,32
SOCIAL_MEDIA,IN_PROGRESS,MEDIUM,24,2000.00,42000,1600,90,24,3.81,0.57,"Instagram;TikTok",Social,3,2,0.00,0,24
CONTENT_CREATION,IN_REVIEW,HIGH,40,3000.00,52000,2100,130,34,4.04,0.62,YouTube,Video,4,3,0.00,0,40
EMAIL,IN_PROGRESS,MEDIUM,12,720.00,18000,800,45,11,4.44,0.61,Email,Email,3,2,0.00,0,12
PPC,TO_DO,MEDIUM,26,5600.00,90000,3800,200,50,4.22,0.56,Display,Programmatic,4,3,0.00,0,26
ANALYTICS,IN_PROGRESS,HIGH,30,1600.00,0,0,0,0,0.00,0.00,Website,Conversion,4,3,0.00,0,30
DESIGN,TO_DO,LOW,7,230.00,0,0,0,0,0.00,0.00,Website,Creative,2,1,0.00,0,7
SEO,TO_DO,LOW,4,150.00,0,0,0,0,0.00,0.00,Google,Local,1,1,0.00,0,4
SOCIAL_MEDIA,IN_PROGRESS,HIGH,38,7600.00,140000,6000,340,85,4.29,0.61,"Facebook;LinkedIn",Social,4,3,0.00,0,38
CONTENT_CREATION,TO_DO,MEDIUM,17,880.00,11000,420,26,7,3.82,0.64,Website,Content,3,2,0.00,0,17
EMAIL,IN_REVIEW,LOW,4,160.00,6500,280,16,4,4.38,0.62,Email,Email,2,1,0.00,0,4
PPC,IN_PROGRESS,HIGH,50,21000.00,340000,15000,800,200,4.76,0.59,Google,SEM,5,4,0.00,1,50
ANALYTICS,TO_DO,CRITICAL,88,5200.00,0,0,0,0,0.00,0.00,Internal,Analytics,5,5,0.00,0,88
DESIGN,IN_REVIEW,MEDIUM,16,900.00,0,0,0,0,0.00,0.00,App,Creative,3,2,0.00,0,16
COPYWRITING,TO_DO,LOW,5,170.00,0,0,0,0,0.00,0.00,Website,Content,2,1,0.00,0,5
SEO,IN_PROGRESS,HIGH,30,1800.00,0,0,0,0,0.00,0.00,Website,Organic,4,3,0.00,0,30
CAMPAIGN,IN_PROGRESS,HIGH,120,26000.00,420000,18000,900,230,4.29,0.55,"Facebook;Google",Multi,4,3,0.00,0,120
CAMPAIGN,IN_PROGRESS,HIGH,92,13500.00,210000,8800,420,110,4.19,0.52,"Facebook;Instagram",Multi,4,3,0.00,0,92
CONTENT_CREATION,TO_DO,MEDIUM,11,560.00,7200,300,20,6,4.17,0.83,Website,Content,3,2,0.00,0,11
SEO,IN_REVIEW,HIGH,26,1300.00,0,0,0,0,0.00,0.00,Website,Organic,4,3,0.00,0,26
SOCIAL_MEDIA,IN_PROGRESS,MEDIUM,14,980.00,27000,1100,55,13,3.85,0.48,"Instagram;TikTok",Social,3,2,0.00,0,14
EMAIL,TO_DO,LOW,3,70.00,2200,90,6,2,4.09,0.36,Email,Email,1,1,0.00,0,3
PPC,IN_PROGRESS,HIGH,44,15500.00,260000,11500,580,145,4.42,0.56,Google,SEM,5,3,0.00,1,44
ANALYTICS,IN_REVIEW,CRITICAL,60,3400.00,0,0,0,0,0.00,0.00,Internal,Analytics,5,4,0.00,0,60
DESIGN,TO_DO,MEDIUM,10,720.00,0,0,0,0,0.00,0.00,Website,Creative,3,2,0.00,0,10
COPYWRITING,IN_PROGRESS,LOW,6,200.00,0,0,0,0,0.00,0.00,Website,Content,2,1,0.00,0,6
PPC,IN_REVIEW,MEDIUM,20,3400.00,48000,1900,95,24,3.96,0.50,Display,Programmatic,4,2,0.00,0,20
SOCIAL_MEDIA,DONE,HIGH,36,5200.00,98000,4000,210,52,4.08,0.54,"Facebook;LinkedIn",Social,4,2,0.00,0,36
CONTENT_CREATION,IN_PROGRESS,HIGH,30,2600.00,38000,1500,80,20,3.95,0.53,YouTube,Video,4,3,0.00,0,30
EMAIL,IN_REVIEW,MEDIUM,9,560.00,16000,700,40,10,4.38,0.63,Email,Email,3,2,0.00,0,9
DESIGN,TO_DO,LOW,5,140.00,0,0,0,0,0.00,0.00,Display,Creative,2,1,0.00,0,5
ANALYTICS,TO_DO,HIGH,28,1500.00,0,0,0,0,0.00,0.00,Website,Conversion,4,3,0.00,0,28
SEO,IN_PROGRESS,MEDIUM,16,820.00,0,0,0,0,0.00,0.00,Website,Organic,3,2,0.00,0,16
CAMPAIGN,TO_DO,CRITICAL,240,32000.00,520000,24000,1200,320,4.62,0.61,"Facebook;Google",Multi,5,4,0.00,0,240
CONTENT_CREATION,TO_DO,LOW,4,180.00,2000,80,6,2,3.89,0.67,Website,Content,2,1,0.00,0,4
EMAIL,DONE,LOW,3,95.00,5200,220,12,3,4.17,0.60,Email,Email,1,1,0.00,0,3
PPC,IN_PROGRESS,HIGH,48,18500.00,320000,14500,720,175,4.46,0.56,Google,SEM,5,4,0.00,1,48
DESIGN,IN_REVIEW,MEDIUM,20,1250.00,0,0,0,0,0.00,0.00,App,Creative,3,2,0.00,0,20
ANALYTICS,IN_PROGRESS,MEDIUM,16,780.00,0,0,0,0,0.00,0.00,Internal,Analytics,3,2,0.00,0,16
SEO,TO_DO,LOW,6,210.00,0,0,0,0,0.00,0.00,Website,Organic,1,1,0.00,0,6
SOCIAL_MEDIA,IN_PROGRESS,HIGH,40,9200.00,165000,7200,390,98,4.36,0.60,"Instagram;TikTok",Social,4,3,0.00,0,40
CONTENT_CREATION,IN_REVIEW,MEDIUM,22,1380.00,19500,760,44,12,3.90,0.59,Website,Content,3,2,0.00,0,22
EMAIL,IN_PROGRESS,MEDIUM,14,840.00,20500,920,52,14,4.52,0.66,Email,Email,3,2,0.00,0,14
PPC,TO_DO,MEDIUM,26,4900.00,87000,3700,185,46,4.25,0.53,Display,Programmatic,4,2,0.00,0,26
ANALYTICS,IN_REVIEW,HIGH,32,1850.00,0,0,0,0,0.00,0.00,Website,Performance,4,3,0.00,0,32
DESIGN,TO_DO,LOW,7,220.00,0,0,0,0,0.00,0.00,Website,Creative,2,1,0.00,0,7
SEO,TO_DO,LOW,4,160.00,0,0,0,0,0.00,0.00,Google,Local,1,1,0.00,0,4
SOCIAL_MEDIA,IN_REVIEW,MEDIUM,18,1280.00,31000,1150,58,15,3.71,0.47,"LinkedIn;Twitter",Social,3,2,0.00,0,18
CONTENT_CREATION,IN_PROGRESS,HIGH,34,2700.00,49000,2000,120,32,4.08,0.65,YouTube,Video,4,3,0.00,0,34
EMAIL,TO_DO,LOW,3,100.00,3000,120,7,2,4.00,0.60,Email,Email,1,1,0.00,0,3
PPC,IN_PROGRESS,CRITICAL,80,48000.00,760000,38000,1900,480,5.00,0.64,Google,SEM,5,4,0.00,2,80
ANALYTICS,TO_DO,CRITICAL,96,5600.00,0,0,0,0,0.00,0.00,Internal,Analytics,5,5,0.00,0,96
DESIGN,IN_REVIEW,MEDIUM,18,1000.00,0,0,0,0,0.00,0.00,App,Creative,3,2,0.00,0,18
COPYWRITING,TO_DO,LOW,6,200.00,0,0,0,0,0.00,0.00,Website,Content,2,1,0.00,0,6
SEO,IN_PROGRESS,HIGH,34,2100.00,0,0,0,0,0.00,0.00,Website,Organic,4,3,0.00,0,34
SOCIAL_MEDIA,IN_PROGRESS,MEDIUM,24,2200.00,43000,1650,92,25,3.84,0.58,"Facebook;Instagram",Social,3,2,0.00,0,24
CONTENT_CREATION,TO_DO,MEDIUM,16,920.00,10500,420,28,8,3.81,0.76,Website,Content,3,2,0.00,0,16
EMAIL,IN_REVIEW,LOW,4,150.00,6800,300,18,4,4.41,0.62,Email,Email,2,1,0.00,0,4
PPC,IN_PROGRESS,HIGH,38,12800.00,210000,9500,480,120,4.52,0.57,Google,SEM,5,3,0.00,1,38
ANALYTICS,IN_REVIEW,CRITICAL,64,3600.00,0,0,0,0,0.00,0.00,Internal,Analytics,5,4,0.00,0,64
DESIGN,IN_PROGRESS,MEDIUM,14,860.00,0,0,0,0,0.00,0.00,Website,Creative,3,2,0.00,0,14
COPYWRITING,IN_PROGRESS,LOW,5,180.00,0,0,0,0,0.00,0.00,Website,Content,2,1,0.00,0,5
SEO,IN_REVIEW,MEDIUM,18,980.00,0,0,0,0,0.00,0.00,Website,Organic,3,2,0.00,0,18
CAMPAIGN,IN_PROGRESS,HIGH,116,29000.00,480000,22000,1100,280,4.48,0.59,"Facebook;Google",Multi,4,3,0.00,0,116
CONTENT_CREATION,TO_DO,LOW,8,260.00,3600,150,10,3,3.75,0.67,Website,Content,2,1,0.00,0,8
EMAIL,DONE,LOW,3,90.00,5000,210,12,3,4.17,0.60,Email,Email,1,1,0.00,0,3
PPC,IN_PROGRESS,HIGH,56,27000.00,440000,22000,1100,300,4.44,0.56,Google,SEM,5,4,0.00,2,56
DESIGN,IN_REVIEW,MEDIUM,22,1420.00,0,0,0,0,0.00,0.00,App,Creative,3,2,0.00,0,22
ANALYTICS,IN_PROGRESS,MEDIUM,18,920.00,0,0,0,0,0.00,0.00,Internal,Analytics,3,2,0.00,0,18
SEO,TO_DO,LOW,5,210.00,0,0,0,0,0.00,0.00,Website,Organic,1,1,0.00,0,5
SOCIAL_MEDIA,IN_PROGRESS,HIGH,46,10000.00,180000,8000,420,105,4.44,0.58,"Instagram;TikTok",Social,4,3,0.00,0,46
CONTENT_CREATION,IN_REVIEW,MEDIUM,24,1520.00,23000,950,55,14,4.13,0.61,Website,Content,3,2,0.00,0,24
EMAIL,IN_PROGRESS,MEDIUM,16,1000.00,24000,1150,60,16,4.79,0.67,Email,Email,3,2,0.00,0,16
PPC,TO_DO,MEDIUM,30,7400.00,120000,5400,270,70,4.50,0.56,Display,Programmatic,4,3,0.00,0,30
ANALYTICS,IN_REVIEW,HIGH,34,2100.00,0,0,0,0,0.00,0.00,Website,Performance,4,3,0.00,0,34
DESIGN,TO_DO,LOW,6,190.00,0,0,0,0,0.00,0.00,Website,Creative,2,1,0.00,0,6
SEO,TO_DO,LOW,4,150.00,0,0,0,0,0.00,0.00,Google,Local,1,1,0.00,0,4
SOCIAL_MEDIA,IN_PROGRESS,HIGH,54,15500.00,300000,13000,650,160,4.33,0.57,"Facebook;LinkedIn",Social,4,3,0.00,0,54
CONTENT_CREATION,TO_DO,MEDIUM,20,1120.00,15000,600,36,10,4.00,0.67,Website,Content,3,2,0.00,0,20
EMAIL,IN_REVIEW,LOW,4,160.00,7000,300,18,4,4.38,0.62,Email,Email,2,1,0.00,0,4
PPC,IN_PROGRESS,HIGH,42,16500.00,270000,12000,600,150,4.29,0.54,Google,SEM,5,3,0.00,1,42
ANALYTICS,TO_DO,CRITICAL,72,4200.00,0,0,0,0,0.00,0.00,Internal,Analytics,5,4,0.00,0,72
DESIGN,IN_REVIEW,MEDIUM,16,940.00,0,0,0,0,0.00,0.00,App,Creative,3,2,0.00,0,16
COPYWRITING,TO_DO,LOW,6,200.00,0,0,0,0,0.00,0.00,Website,Content,2,1,0.00,0,6
SEO,IN_REVIEW,HIGH,30,1700.00,0,0,0,0,0.00,0.00,Website,Organic,4,3,0.00,0,30
SOCIAL_MEDIA,IN_PROGRESS,MEDIUM,26,2100.00,42000,1600,90,24,3.81,0.57,"Facebook;Instagram",Social,3,2,0.00,0,26
CONTENT_CREATION,IN_REVIEW,HIGH,38,3100.00,54000,2200,140,36,4.07,0.66,YouTube,Video,4,3,0.00,0,38
EMAIL,IN_PROGRESS,MEDIUM,12,760.00,18000,800,45,11,4.44,0.61,Email,Email,3,2,0.00,0,12
PPC,TO_DO,MEDIUM,26,5600.00,90000,3800,200,50,4.22,0.56,Display,Programmatic,4,3,0.00,0,26
ANALYTICS,IN_PROGRESS,HIGH,30,1600.00,0,0,0,0,0.00,0.00,Website,Conversion,4,3,0.00,0,30
DESIGN,TO_DO,LOW,7,230.00,0,0,0,0,0.00,0.00,Website,Creative,2,1,0.00,0,7
SEO,TO_DO,LOW,4,150.00,0,0,0,0,0.00,0.00,Google,Local,1,1,0.00,0,4
SOCIAL_MEDIA,IN_PROGRESS,HIGH,48,14200.00,270000,11500,560,150,4.29,0.55,"Instagram;TikTok",Social,4,3,0.00,0,48
CONTENT_CREATION,TO_DO,MEDIUM,18,980.00,13000,480,28,8,3.69,0.61,Website,Content,3,2,0.00,0,18
EMAIL,IN_REVIEW,LOW,4,150.00,7000,300,18,4,4.29,0.57,Email,Email,2,1,0.00,0,4
PPC,IN_PROGRESS,HIGH,46,17000.00,280000,12000,600,150,4.29,0.54,Google,SEM,5,4,0.00,1,46
ANALYTICS,TO_DO,CRITICAL,80,5200.00,0,0,0,0,0.00,0.00,Internal,Analytics,5,5,0.00,0,80
DESIGN,IN_REVIEW,MEDIUM,18,1000.00,0,0,0,0,0.00,0.00,App,Creative,3,2,0.00,0,18
COPYWRITING,TO_DO,LOW,5,170.00,0,0,0,0,0.00,0.00,Website,Content,2,1,0.00,0,5
SEO,IN_PROGRESS,HIGH,30,1800.00,0,0,0,0,0.00,0.00,Website,Organic,4,3,0.00,0,30
CAMPAIGN,IN_PROGRESS,HIGH,120,26000.00,420000,18000,900,230,4.29,0.55,"Facebook;Google",Multi,4,3,0.00,0,120
CAMPAIGN,IN_PROGRESS,HIGH,82,13000.00,200000,8500,420,105,4.25,0.53,"Facebook;Instagram",Multi,4,3,0.00,0,82
CONTENT_CREATION,TO_DO,MEDIUM,10,500.00,6500,260,18,5,4.00,0.69,Website,Content,3,2,0.00,0,10
SEO,IN_REVIEW,MEDIUM,17,900.00,0,0,0,0,0.00,0.00,Website,Organic,3,2,0.00,0,17
SOCIAL_MEDIA,IN_PROGRESS,MEDIUM,13,850.00,23000,900,45,11,3.91,0.48,"Instagram;TikTok",Social,3,2,0.00,0,13
EMAIL,TO_DO,LOW,2,60.00,1800,70,5,1,3.89,0.31,Email,Email,1,1,0.00,0,2
PPC,IN_PROGRESS,HIGH,38,12000.00,190000,8500,420,110,4.47,0.56,Google,SEM,5,3,0.00,1,38
ANALYTICS,IN_REVIEW,CRITICAL,52,3000.00,0,0,0,0,0.00,0.00,Internal,Analytics,5,4,0.00,0,52
DESIGN,TO_DO,MEDIUM,11,700.00,0,0,0,0,0.00,0.00,Website,Creative,3,2,0.00,0,11
COPYWRITING,IN_PROGRESS,LOW,6,220.00,0,0,0,0,0.00,0.00,Website,Content,2,1,0.00,0,6
PPC,IN_REVIEW,MEDIUM,20,3200.00,42000,1700,85,20,4.05,0.51,Display,Programmatic,4,2,0.00,0,20
SOCIAL_MEDIA,DONE,HIGH,30,4800.00,90000,3600,180,45,4.00,0.50,"Facebook;LinkedIn",Social,4,2,0.00,0,30
CONTENT_CREATION,IN_PROGRESS,HIGH,34,2600.00,42000,1600,95,26,3.81,0.62,YouTube,Video,4,3,0.00,0,34
EMAIL,IN_REVIEW,MEDIUM,9,520.00,14000,600,35,9,4.29,0.64,Email,Email,3,2,0.00,0,9
DESIGN,TO_DO,LOW,5,150.00,0,0,0,0,0.00,0.00,Display,Creative,2,1,0.00,0,5
ANALYTICS,TO_DO,HIGH,26,1400.00,0,0,0,0,0.00,0.00,Website,Conversion,4,3,0.00,0,26
SEO,IN_PROGRESS,MEDIUM,14,720.00,0,0,0,0,0.00,0.00,Website,Organic,3,2,0.00,0,14
CAMPAIGN,TO_DO,CRITICAL,200,26000.00,380000,17000,900,230,4.47,0.61,"Facebook;Google",Multi,5,4,0.00,0,200
CONTENT_CREATION,TO_DO,LOW,4,170.00,1800,70,6,2,3.89,0.67,Website,Content,2,1,0.00,0,4
EMAIL,DONE,LOW,3,95.00,5200,220,12,3,4.17,0.60,Email,Email,1,1,0.00,0,3
PPC,IN_PROGRESS,HIGH,46,17000.00,260000,11000,560,140,4.23,0.54,Google,SEM,5,3,0.00,1,46
DESIGN,IN_REVIEW,MEDIUM,18,1100.00,0,0,0,0,0.00,0.00,App,Creative,3,2,0.00,0,18
ANALYTICS,IN_PROGRESS,MEDIUM,16,760.00,0,0,0,0,0.00,0.00,Internal,Analytics,3,2,0.00,0,16
SEO,TO_DO,LOW,6,210.00,0,0,0,0,0.00,0.00,Website,Organic,1,1,0.00,0,6
SOCIAL_MEDIA,IN_PROGRESS,HIGH,40,9000.00,160000,7000,380,95,4.38,0.59,"Instagram;TikTok",Social,4,3,0.00,0,40
CONTENT_CREATION,IN_REVIEW,MEDIUM,22,1350.00,19000,750,42,11,3.95,0.58,Website,Content,3,2,0.00,0,22
EMAIL,IN_PROGRESS,MEDIUM,14,820.00,20000,900,50,13,4.50,0.65,Email,Email,3,2,0.00,0,14
PPC,TO_DO,MEDIUM,26,4800.00,85000,3600,180,45,4.24,0.53,Display,Programmatic,4,2,0.00,0,26
ANALYTICS,IN_REVIEW,HIGH,32,1800.00,0,0,0,0,0.00,0.00,Website,Performance,4,3,0.00,0,32
DESIGN,TO_DO,LOW,7,210.00,0,0,0,0,0.00,0.00,Website,Creative,2,1,0.00,0,7
SEO,TO_DO,LOW,3,120.00,0,0,0,0,0.00,0.00,Google,Local,1,1,0.00,0,3
SOCIAL_MEDIA,IN_REVIEW,MEDIUM,16,1100.00,26000,900,45,11,3.46,0.42,"Instagram;Pinterest",Social,3,2,0.00,0,16
CONTENT_CREATION,IN_PROGRESS,HIGH,36,2400.00,38000,1500,85,22,3.95,0.58,YouTube,Video,4,3,0.00,0,36
EMAIL,TO_DO,LOW,2,55.00,1200,50,3,1,4.17,0.25,Email,Email,1,1,0.00,0,2
PPC,IN_PROGRESS,HIGH,40,12500.00,200000,9000,450,110,4.50,0.55,Google,SEM,5,3,0.00,1,40
ANALYTICS,IN_REVIEW,CRITICAL,50,2800.00,0,0,0,0,0.00,0.00,Internal,Analytics,5,4,0.00,0,50
DESIGN,IN_PROGRESS,MEDIUM,12,760.00,0,0,0,0,0.00,0.00,App,Creative,3,2,0.00,0,12
COPYWRITING,IN_REVIEW,LOW,8,260.00,0,0,0,0,0.00,0.00,Website,Content,2,1,0.00,0,8
SEO,TO_DO,MEDIUM,10,520.00,0,0,0,0,0.00,0.00,Website,Organic,3,2,0.00,0,10
SOCIAL_MEDIA,IN_PROGRESS,HIGH,36,6200.00,100000,4200,220,55,4.20,0.55,"Facebook;LinkedIn",Social,4,3,0.00,0,36
CONTENT_CREATION,IN_REVIEW,MEDIUM,22,1300.00,18000,700,40,11,3.89,0.61,Website,Content,3,2,0.00,0,22
EMAIL,IN_PROGRESS,MEDIUM,13,780.00,19000,850,48,12,4.47,0.63,Email,Email,3,2,0.00,0,13
PPC,TO_DO,MEDIUM,24,3600.00,60000,2600,130,32,4.33,0.55,Display,Programmatic,4,2,0.00,0,24
ANALYTICS,IN_PROGRESS,HIGH,30,1700.00,0,0,0,0,0.00,0.00,Website,Performance,4,3,0.00,0,30
DESIGN,TO_DO,LOW,6,200.00,0,0,0,0,0.00,0.00,Website,Creative,2,1,0.00,0,6
SEO,TO_DO,LOW,4,170.00,0,0,0,0,0.00,0.00,Google,Local,1,1,0.00,0,4
SOCIAL_MEDIA,IN_PROGRESS,HIGH,34,5600.00,95000,3800,210,52,4.00,0.55,"Facebook;Instagram",Social,4,3,0.00,0,34
CONTENT_CREATION,TO_DO,MEDIUM,17,880.00,11000,420,26,7,3.82,0.64,Website,Content,3,2,0.00,0,17
EMAIL,IN_REVIEW,LOW,4,160.00,6500,280,16,4,4.38,0.62,Email,Email,2,1,0.00,0,4
PPC,IN_PROGRESS,HIGH,50,21000.00,340000,15000,800,200,4.76,0.59,Google,SEM,5,4,0.00,1,50
ANALYTICS,TO_DO,CRITICAL,88,5200.00,0,0,0,0,0.00,0.00,Internal,Analytics,5,5,0.00,0,88
DESIGN,IN_REVIEW,MEDIUM,16,900.00,0,0,0,0,0.00,0.00,App,Creative,3,2,0.00,0,16
COPYWRITING,TO_DO,LOW,5,170.00,0,0,0,0,0.00,0.00,Website,Content,2,1,0.00,0,5
SEO,IN_PROGRESS,HIGH,30,1800.00,0,0,0,0,0.00,0.00,Website,Organic,4,3,0.00,0,30
CAMPAIGN,IN_PROGRESS,HIGH,100,22000.00,350000,15000,800,200,4.55,0.57,"Facebook;Google",Multi,4,3,0.00,0,100
CONTENT_CREATION,TO_DO,MEDIUM,13,720.00,9500,360,24,6,3.79,0.63,Website,Content,3,2,0.00,0,13
EMAIL,IN_PROGRESS,MEDIUM,8,480.00,13000,560,32,8,4.31,0.62,Email,Email,3,2,0.00,0,8
PPC,IN_REVIEW,MEDIUM,22,4200.00,70000,3000,160,40,4.29,0.57,Display,Programmatic,4,2,0.00,0,22
ANALYTICS,TO_DO,HIGH,34,2100.00,0,0,0,0,0.00,0.00,Website,Performance,4,3,0.00,0,34
DESIGN,TO_DO,LOW,5,130.00,0,0,0,0,0.00,0.00,Website,Creative,2,1,0.00,0,5
SEO,IN_PROGRESS,MEDIUM,20,1100.00,0,0,0,0,0.00,0.00,Website,Organic,3,2,0.00,0,20
SOCIAL_MEDIA,IN_REVIEW,HIGH,28,5000.00,90000,3600,200,50,4.00,0.56,"Facebook;Instagram",Social,4,3,0.00,0,28
CONTENT_CREATION,IN_PROGRESS,MEDIUM,19,980.00,13000,480,28,8,3.69,0.61,Website,Content,3,2,0.00,0,19
EMAIL,TO_DO,LOW,3,95.00,2800,110,6,2,4.00,0.64,Email,Email,1,1,0.00,0,3
PPC,IN_PROGRESS,HIGH,44,14500.00,240000,11000,560,140,4.55,0.58,Google,SEM,5,3,0.00,1,44
ANALYTICS,IN_REVIEW,CRITICAL,68,4200.00,0,0,0,0,0.00,0.00,Internal,Analytics,5,4,0.00,0,68
DESIGN,IN_PROGRESS,MEDIUM,16,900.00,0,0,0,0,0.00,0.00,App,Creative,3,2,0.00,0,16
COPYWRITING,TO_DO,LOW,6,210.00,0,0,0,0,0.00,0.00,Website,Content,2,1,0.00,0,6
SEO,IN_REVIEW,HIGH,32,1700.00,0,0,0,0,0.00,0.00,Website,Organic,4,3,0.00,0,32
SOCIAL_MEDIA,IN_PROGRESS,MEDIUM,24,2000.00,42000,1600,90,24,3.81,0.57,"Instagram;TikTok",Social,3,2,0.00,0,24
CONTENT_CREATION,IN_REVIEW,HIGH,40,3000.00,52000,2100,130,34,4.04,0.62,YouTube,Video,4,3,0.00,0,40
EMAIL,IN_PROGRESS,MEDIUM,12,720.00,18000,800,45,11,4.44,0.61,Email,Email,3,2,0.00,0,12
PPC,TO_DO,MEDIUM,26,5600.00,90000,3800,200,50,4.22,0.56,Display,Programmatic,4,3,0.00,0,26
ANALYTICS,IN_PROGRESS,HIGH,30,1600.00,0,0,0,0,0.00,0.00,Website,Conversion,4,3,0.00,0,30
DESIGN,TO_DO,LOW,7,230.00,0,0,0,0,0.00,0.00,Website,Creative,2,1,0.00,0,7
SEO,TO_DO,LOW,4,150.00,0,0,0,0,0.00,0.00,Google,Local,1,1,0.00,0,4
SOCIAL_MEDIA,IN_PROGRESS,HIGH,38,7600.00,140000,6000,340,85,4.29,0.61,"Facebook;LinkedIn",Social,4,3,0.00,0,38
CONTENT_CREATION,TO_DO,MEDIUM,17,880.00,11000,420,26,7,3.82,0.64,Website,Content,3,2,0.00,0,17
EMAIL,IN_REVIEW,LOW,4,160.00,6500,280,16,4,4.38,0.62,Email,Email,2,1,0.00,0,4
PPC,IN_PROGRESS,HIGH,50,21000.00,340000,15000,800,200,4.76,0.59,Google,SEM,5,4,0.00,1,50
ANALYTICS,TO_DO,CRITICAL,88,5200.00,0,0,0,0,0.00,0.00,Internal,Analytics,5,5,0.00,0,88
DESIGN,IN_REVIEW,MEDIUM,16,900.00,0,0,0,0,0.00,0.00,App,Creative,3,2,0.00,0,16
COPYWRITING,TO_DO,LOW,5,170.00,0,0,0,0,0.00,0.00,Website,Content,2,1,0.00,0,5
SEO,IN_PROGRESS,HIGH,30,1800.00,0,0,0,0,0.00,0.00,Website,Organic,4,3,0.00,0,30
CAMPAIGN,IN_PROGRESS,HIGH,120,26000.00,420000,18000,900,230,4.29,0.55,"Facebook;Google",Multi,4,3,0.00,0,120
CAMPAIGN,IN_PROGRESS,HIGH,88,14500.00,210000,9200,460,115,4.38,0.55,"Facebook;Instagram",Multi,4,3,0.00,0,88
CONTENT_CREATION,TO_DO,MEDIUM,9,520.00,6800,260,16,5,3.82,0.59,Website,Content,3,2,0.00,0,9
SEO,IN_REVIEW,HIGH,26,1350.00,0,0,0,0,0.00,0.00,Website,Organic,4,3,0.00,0,26
SOCIAL_MEDIA,IN_PROGRESS,MEDIUM,14,980.00,27000,1100,55,13,3.85,0.48,"Instagram;TikTok",Social,3,2,0.00,0,14
EMAIL,TO_DO,LOW,3,65.00,2100,85,6,2,3.92,0.32,Email,Email,1,1,0.00,0,3
PPC,IN_PROGRESS,HIGH,46,17500.00,260000,11500,580,145,4.42,0.56,Google,SEM,5,3,0.00,1,46
ANALYTICS,IN_REVIEW,CRITICAL,58,3600.00,0,0,0,0,0.00,0.00,Internal,Analytics,5,4,0.00,0,58
DESIGN,TO_DO,MEDIUM,11,720.00,0,0,0,0,0.00,0.00,Website,Creative,3,2,0.00,0,11
COPYWRITING,IN_PROGRESS,LOW,6,210.00,0,0,0,0,0.00,0.00,Website,Content,2,1,0.00,0,6
PPC,IN_REVIEW,MEDIUM,20,3400.00,48000,1900,95,24,3.96,0.50,Display,Programmatic,4,2,0.00,0,20
SOCIAL_MEDIA,DONE,HIGH,32,5200.00,98000,4000,210,52,4.08,0.54,"Facebook;LinkedIn",Social,4,2,0.00,0,32
CONTENT_CREATION,IN_PROGRESS,HIGH,30,2600.00,38000,1500,80,20,3.95,0.53,YouTube,Video,4,3,0.00,0,30
EMAIL,IN_REVIEW,MEDIUM,10,560.00,16000,700,40,10,4.38,0.63,Email,Email,3,2,0.00,0,10
DESIGN,TO_DO,LOW,5,140.00,0,0,0,0,0.00,0.00,Display,Creative,2,1,0.00,0,5
ANALYTICS,TO_DO,HIGH,28,1500.00,0,0,0,0,0.00,0.00,Website,Conversion,4,3,0.00,0,28
SEO,IN_PROGRESS,MEDIUM,15,820.00,0,0,0,0,0.00,0.00,Website,Organic,3,2,0.00,0,15
CAMPAIGN,TO_DO,CRITICAL,210,28000.00,420000,19000,1000,260,4.52,0.62,"Facebook;Google",Multi,5,4,0.00,0,210
CONTENT_CREATION,TO_DO,LOW,4,170.00,1800,70,6,2,3.89,0.67,Website,Content,2,1,0.00,0,4
EMAIL,DONE,LOW,3,95.00,5200,220,12,3,4.17,0.60,Email,Email,1,1,0.00,0,3
PPC,IN_PROGRESS,HIGH,48,18000.00,300000,14000,700,170,4.44,0.57,Google,SEM,5,4,0.00,1,48
DESIGN,IN_REVIEW,MEDIUM,20,1200.00,0,0,0,0,0.00,0.00,App,Creative,3,2,0.00,0,20
ANALYTICS,IN_PROGRESS,MEDIUM,16,760.00,0,0,0,0,0.00,0.00,Internal,Analytics,3,2,0.00,0,16
SEO,TO_DO,LOW,6,210.00,0,0,0,0,0.00,0.00,Website,Organic,1,1,0.00,0,6
SOCIAL_MEDIA,IN_PROGRESS,HIGH,40,9000.00,160000,7000,380,95,4.38,0.59,"Instagram;TikTok",Social,4,3,0.00,0,40
CONTENT_CREATION,IN_REVIEW,MEDIUM,22,1350.00,19000,750,42,11,3.95,0.58,Website,Content,3,2,0.00,0,22
EMAIL,IN_PROGRESS,MEDIUM,14,820.00,20000,900,50,13,4.50,0.65,Email,Email,3,2,0.00,0,14
PPC,TO_DO,MEDIUM,26,4800.00,85000,3600,180,45,4.24,0.53,Display,Programmatic,4,2,0.00,0,26
ANALYTICS,IN_REVIEW,HIGH,32,1800.00,0,0,0,0,0.00,0.00,Website,Performance,4,3,0.00,0,32
DESIGN,TO_DO,LOW,7,210.00,0,0,0,0,0.00,0.00,Website,Creative,2,1,0.00,0,7
SEO,TO_DO,LOW,3,120.00,0,0,0,0,0.00,0.00,Google,Local,1,1,0.00,0,3
SOCIAL_MEDIA,IN_REVIEW,MEDIUM,16,1100.00,26000,900,45,11,3.46,0.42,"Instagram;Pinterest",Social,3,2,0.00,0,16
CONTENT_CREATION,IN_PROGRESS,HIGH,34,2400.00,38000,1500,85,22,3.95,0.58,YouTube,Video,4,3,0.00,0,34
EMAIL,TO_DO,LOW,2,55.00,1200,50,3,1,4.17,0.25,Email,Email,1,1,0.00,0,2
PPC,IN_PROGRESS,CRITICAL,78,46000.00,700000,35000,1800,450,5.00,0.64,Google,SEM,5,4,0.00,2,78
ANALYTICS,TO_DO,CRITICAL,92,5600.00,0,0,0,0,0.00,0.00,Internal,Analytics,5,5,0.00,0,92
DESIGN,IN_REVIEW,MEDIUM,18,1000.00,0,0,0,0,0.00,0.00,App,Creative,3,2,0.00,0,18
COPYWRITING,TO_DO,LOW,6,200.00,0,0,0,0,0.00,0.00,Website,Content,2,1,0.00,0,6
SEO,IN_PROGRESS,HIGH,34,2000.00,0,0,0,0,0.00,0.00,Website,Organic,4,3,0.00,0,34
SOCIAL_MEDIA,IN_PROGRESS,MEDIUM,24,2200.00,43000,1650,92,25,3.84,0.58,"Facebook;Instagram",Social,3,2,0.00,0,24
CONTENT_CREATION,TO_DO,MEDIUM,16,920.00,10500,420,28,8,3.81,0.76,Website,Content,3,2,0.00,0,16
EMAIL,IN_REVIEW,LOW,4,150.00,6800,300,18,4,4.41,0.62,Email,Email,2,1,0.00,0,4
PPC,IN_PROGRESS,HIGH,38,12800.00,210000,9500,480,120,4.52,0.57,Google,SEM,5,3,0.00,1,38
ANALYTICS,IN_REVIEW,CRITICAL,64,3600.00,0,0,0,0,0.00,0.00,Internal,Analytics,5,4,0.00,0,64
DESIGN,IN_PROGRESS,MEDIUM,14,860.00,0,0,0,0,0.00,0.00,Website,Creative,3,2,0.00,0,14
COPYWRITING,IN_PROGRESS,LOW,5,180.00,0,0,0,0,0.00,0.00,Website,Content,2,1,0.00,0,5
SEO,IN_REVIEW,MEDIUM,18,980.00,0,0,0,0,0.00,0.00,Website,Organic,3,2,0.00,0,18
CAMPAIGN,IN_PROGRESS,HIGH,116,29000.00,480000,22000,1100,280,4.48,0.59,"Facebook;Google",Multi,4,3,0.00,0,116
CONTENT_CREATION,TO_DO,LOW,8,260.00,3600,150,10,3,3.75,0.67,Website,Content,2,1,0.00,0,8
EMAIL,DONE,LOW,3,90.00,5000,210,12,3,4.17,0.60,Email,Email,1,1,0.00,0,3
PPC,IN_PROGRESS,HIGH,56,27000.00,440000,22000,1100,300,4.44,0.56,Google,SEM,5,4,0.00,2,56
DESIGN,IN_REVIEW,MEDIUM,22,1420.00,0,0,0,0,0.00,0.00,App,Creative,3,2,0.00,0,22
ANALYTICS,IN_PROGRESS,MEDIUM,18,920.00,0,0,0,0,0.00,0.00,Internal,Analytics,3,2,0.00,0,18
SEO,TO_DO,LOW,5,210.00,0,0,0,0,0.00,0.00,Website,Organic,1,1,0.00,0,5
SOCIAL_MEDIA,IN_PROGRESS,HIGH,46,10000.00,180000,8000,420,105,4.44,0.58,"Instagram;TikTok",Social,4,3,0.00,0,46
CONTENT_CREATION,IN_REVIEW,MEDIUM,24,1520.00,23000,950,55,14,4.13,0.61,Website,Content,3,2,0.00,0,24
EMAIL,IN_PROGRESS,MEDIUM,16,1000.00,24000,1150,60,16,4.79,0.67,Email,Email,3,2,0.00,0,16
PPC,TO_DO,MEDIUM,30,7400.00,120000,5400,270,70,4.50,0.56,Display,Programmatic,4,3,0.00,0,30
ANALYTICS,IN_REVIEW,HIGH,34,2100.00,0,0,0,0,0.00,0.00,Website,Performance,4,3,0.00,0,34
DESIGN,TO_DO,LOW,6,190.00,0,0,0,0,0.00,0.00,Website,Creative,2,1,0.00,0,6
SEO,TO_DO,LOW,4,150.00,0,0,0,0,0.00,0.00,Google,Local,1,1,0.00,0,4
SOCIAL_MEDIA,IN_PROGRESS,HIGH,54,15500.00,300000,13000,650,160,4.33,0.57,"Facebook;LinkedIn",Social,4,3,0.00,0,54
CONTENT_CREATION,TO_DO,MEDIUM,20,1120.00,15000,600,36,10,4.00,0.67,Website,Content,3,2,0.00,0,20
EMAIL,IN_REVIEW,LOW,4,160.00,7000,300,18,4,4.38,0.62,Email,Email,2,1,0.00,0,4
PPC,IN_PROGRESS,HIGH,42,16500.00,270000,12000,600,150,4.29,0.54,Google,SEM,5,3,0.00,1,42
ANALYTICS,TO_DO,CRITICAL,72,4200.00,0,0,0,0,0.00,0.00,Internal,Analytics,5,4,0.00,0,72
DESIGN,IN_REVIEW,MEDIUM,16,940.00,0,0,0,0,0.00,0.00,App,Creative,3,2,0.00,0,16
COPYWRITING,TO_DO,LOW,6,200.00,0,0,0,0,0.00,0.00,Website,Content,2,1,0.00,0,6
SEO,IN_REVIEW,HIGH,30,1700.00,0,0,0,0,0.00,0.00,Website,Organic,4,3,0.00,0,30
SOCIAL_MEDIA,IN_PROGRESS,MEDIUM,26,2100.00,42000,1600,90,24,3.81,0.57,"Facebook;Instagram",Social,3,2,0.00,0,26
CONTENT_CREATION,IN_REVIEW,HIGH,38,3100.00,54000,2200,140,36,4.07,0.66,YouTube,Video,4,3,0.00,0,38
EMAIL,IN_PROGRESS,MEDIUM,12,760.00,18000,800,45,11,4.44,0.61,Email,Email,3,2,0.00,0,12
PPC,TO_DO,MEDIUM,26,5600.00,90000,3800,200,50,4.22,0.56,Display,Programmatic,4,3,0.00,0,26
ANALYTICS,IN_PROGRESS,HIGH,30,1600.00,0,0,0,0,0.00,0.00,Website,Conversion,4,3,0.00,0,30
DESIGN,TO_DO,LOW,7,230.00,0,0,0,0,0.00,0.00,Website,Creative,2,1,0.00,0,7
SEO,TO_DO,LOW,4,150.00,0,0,0,0,0.00,0.00,Google,Local,1,1,0.00,0,4
SOCIAL_MEDIA,IN_PROGRESS,HIGH,48,14200.00,270000,11500,560,150,4.29,0.55,"Instagram;TikTok",Social,4,3,0.00,0,48
CONTENT_CREATION,TO_DO,MEDIUM,18,980.00,13000,480,28,8,3.69,0.61,Website,Content,3,2,0.00,0,18
EMAIL,IN_REVIEW,LOW,4,150.00,7000,300,18,4,4.29,0.57,Email,Email,2,1,0.00,0,4
PPC,IN_PROGRESS,HIGH,46,17000.00,280000,12000,600,150,4.29,0.54,Google,SEM,5,4,0.00,1,46
ANALYTICS,TO_DO,CRITICAL,80,5200.00,0,0,0,0,0.00,0.00,Internal,Analytics,5,5,0.00,0,80
DESIGN,IN_REVIEW,MEDIUM,18,1000.00,0,0,0,0,0.00,0.00,App,Creative,3,2,0.00,0,18
COPYWRITING,TO_DO,LOW,5,170.00,0,0,0,0,0.00,0.00,Website,Content,2,1,0.00,0,5
SEO,IN_PROGRESS,HIGH,30,1800.00,0,0,0,0,0.00,0.00,Website,Organic,4,3,0.00,0,30
CAMPAIGN,IN_PROGRESS,HIGH,120,26000.00,420000,18000,900,230,4.29,0.55,"Facebook;Google",Multi,4,3,0.00,0,120
SEO,IN_PROGRESS,MEDIUM,14,850.00,0,0,0,0,0.00,0.00,Website,Organic,3,2,0.00,0,14
CONTENT_CREATION,TO_DO,LOW,6,300.00,4000,160,12,3,4.00,0.75,Website,Content,2,1,0.00,0,6
PPC,IN_REVIEW,HIGH,28,7200.00,90000,4200,200,50,4.67,0.56,Google,SEM,4,3,0.00,0,28
SOCIAL_MEDIA,IN_PROGRESS,MEDIUM,12,950.00,22000,900,45,11,4.09,0.50,"Instagram;TikTok",Social,3,2,0.00,0,12
EMAIL,TO_DO,LOW,3,120.00,2500,100,6,2,4.00,0.60,Email,Email,1,1,0.00,0,3
ANALYTICS,IN_REVIEW,CRITICAL,40,2500.00,0,0,0,0,0.00,0.00,Internal,Analytics,5,4,0.00,0,40
DESIGN,TO_DO,MEDIUM,10,700.00,0,0,0,0,0.00,0.00,Website,Creative,3,2,0.00,0,10
COPYWRITING,IN_PROGRESS,LOW,5,180.00,0,0,0,0,0.00,0.00,Website,Content,2,1,0.00,0,5
CAMPAIGN,IN_PROGRESS,HIGH,96,15000.00,200000,9000,450,110,4.50,0.55,"Facebook;Google",Multi,4,3,0.00,0,96
CONTENT_CREATION,IN_REVIEW,MEDIUM,18,1200.00,10000,400,25,7,4.00,0.63,YouTube,Video,3,2,0.00,0,18
PPC,TO_DO,MEDIUM,22,4800.00,70000,3000,160,40,4.29,0.57,Display,Programmatic,4,2,0.00,0,22
SOCIAL_MEDIA,DONE,HIGH,26,4200.00,80000,3200,180,45,4.00,0.56,"Facebook;LinkedIn",Social,4,2,0.00,0,26
EMAIL,IN_PROGRESS,MEDIUM,14,900.00,18000,800,45,12,4.44,0.67,Email,Email,3,2,0.00,0,14
ANALYTICS,TO_DO,HIGH,30,1600.00,0,0,0,0,0.00,0.00,Website,Conversion,4,3,0.00,0,30
DESIGN,IN_REVIEW,LOW,6,200.00,0,0,0,0,0.00,0.00,App,Creative,2,1,0.00,0,6
SEO,TO_DO,LOW,4,150.00,0,0,0,0,0.00,0.00,Google,Local,1,1,0.00,0,4
CONTENT_CREATION,IN_PROGRESS,HIGH,36,2800.00,45000,1700,100,28,3.78,0.62,YouTube,Video,4,3,0.00,0,36
PPC,IN_REVIEW,CRITICAL,64,32000.00,500000,24000,1200,300,4.80,0.60,Google,SEM,5,4,0.00,1,64
SOCIAL_MEDIA,TO_DO,MEDIUM,16,1100.00,26000,900,45,11,3.46,0.42,"Instagram;Pinterest",Social,3,2,0.00,0,16
EMAIL,DONE,LOW,4,100.00,6000,250,15,4,4.17,0.67,Email,Email,2,1,0.00,0,4
ANALYTICS,IN_PROGRESS,CRITICAL,56,3000.00,0,0,0,0,0.00,0.00,Internal,Analytics,5,4,0.00,0,56
DESIGN,TO_DO,MEDIUM,14,900.00,0,0,0,0,0.00,0.00,Website,Creative,3,2,0.00,0,14
SEO,IN_REVIEW,HIGH,24,1400.00,0,0,0,0,0.00,0.00,Website,Organic,4,3,0.00,0,24
CONTENT_CREATION,TO_DO,LOW,8,320.00,5000,200,15,4,4.00,0.80,Website,Content,2,1,0.00,0,8
PPC,IN_PROGRESS,HIGH,44,18000.00,300000,14000,700,170,4.44,0.57,Google,SEM,5,4,0.00,1,44
SOCIAL_MEDIA,IN_REVIEW,MEDIUM,20,1500.00,35000,1300,70,18,3.71,0.51,"Facebook;Instagram",Social,3,2,0.00,0,20
EMAIL,IN_PROGRESS,MEDIUM,12,700.00,16000,750,40,10,4.29,0.63,Email,Email,3,2,0.00,0,12
ANALYTICS,TO_DO,MEDIUM,10,500.00,0,0,0,0,0.00,0.00,Website,Performance,3,2,0.00,0,10
DESIGN,IN_PROGRESS,LOW,6,180.00,0,0,0,0,0.00,0.00,Website,Creative,2,1,0.00,0,6
SEO,TO_DO,MEDIUM,18,950.00,0,0,0,0,0.00,0.00,Website,Organic,3,2,0.00,0,18
CONTENT_CREATION,IN_REVIEW,HIGH,28,2000.00,30000,1200,70,18,4.00,0.60,YouTube,Video,4,3,0.00,0,28
PPC,TO_DO,MEDIUM,26,5200.00,85000,3600,180,45,4.24,0.53,Display,Programmatic,4,2,0.00,0,26
SOCIAL_MEDIA,IN_PROGRESS,HIGH,34,5600.00,95000,3800,210,52,4.00,0.55,"Facebook;LinkedIn",Social,4,3,0.00,0,34
EMAIL,IN_REVIEW,LOW,3,80.00,4000,150,8,2,3.75,0.50,Email,Email,1,1,0.00,0,3
ANALYTICS,IN_PROGRESS,HIGH,22,1200.00,0,0,0,0,0.00,0.00,Internal,Analytics,4,3,0.00,0,22
DESIGN,TO_DO,LOW,5,120.00,0,0,0,0,0.00,0.00,Display,Creative,1,1,0.00,0,5
SEO,IN_REVIEW,MEDIUM,16,820.00,0,0,0,0,0.00,0.00,Website,Organic,3,2,0.00,0,16
CONTENT_CREATION,IN_PROGRESS,MEDIUM,20,1100.00,15000,600,35,9,3.89,0.61,Website,Content,3,2,0.00,0,20
PPC,IN_REVIEW,HIGH,36,12500.00,210000,9500,480,120,4.52,0.57,Google,SEM,5,3,0.00,1,36
SOCIAL_MEDIA,TO_DO,MEDIUM,12,900.00,22000,700,35,9,3.46,0.41,"TikTok;Instagram",Social,3,2,0.00,0,12
EMAIL,IN_PROGRESS,MEDIUM,15,950.00,21000,900,50,13,4.50,0.62,Email,Email,3,2,0.00,0,15
ANALYTICS,IN_REVIEW,CRITICAL,68,4200.00,0,0,0,0,0.00,0.00,Internal,Analytics,5,4,0.00,0,68
DESIGN,IN_PROGRESS,MEDIUM,18,980.00,0,0,0,0,0.00,0.00,App,Creative,3,2,0.00,0,18
SEO,TO_DO,LOW,4,140.00,0,0,0,0,0.00,0.00,Google,Local,1,1,0.00,0,4
CONTENT_CREATION,IN_REVIEW,LOW,9,420.00,6000,240,18,5,4.00,0.60,Website,Content,2,1,0.00,0,9
PPC,IN_PROGRESS,HIGH,52,24000.00,360000,16000,800,200,4.44,0.56,Google,SEM,5,4,0.00,1,52
SOCIAL_MEDIA,IN_REVIEW,MEDIUM,18,1250.00,30000,1100,55,14,3.71,0.47,"LinkedIn;Twitter",Social,3,2,0.00,0,18
EMAIL,TO_DO,LOW,2,50.00,1200,50,3,1,4.00,0.25,Email,Email,1,1,0.00,0,2
ANALYTICS,IN_PROGRESS,HIGH,34,2100.00,0,0,0,0,0.00,0.00,Website,Performance,4,3,0.00,0,34
DESIGN,TO_DO,LOW,6,200.00,0,0,0,0,0.00,0.00,Website,Creative,2,1,0.00,0,6
SEO,IN_REVIEW,HIGH,30,1700.00,0,0,0,0,0.00,0.00,Website,Organic,4,3,0.00,0,30
CONTENT_CREATION,TO_DO,MEDIUM,24,1400.00,20000,800,50,12,4.00,0.60,Website,Content,3,2,0.00,0,24
PPC,IN_PROGRESS,MEDIUM,28,6400.00,100000,4200,210,55,4.20,0.53,Display,Programmatic,4,3,0.00,0,28
SOCIAL_MEDIA,IN_PROGRESS,HIGH,46,9800.00,170000,7600,380,95,4.47,0.56,"Instagram;TikTok",Social,4,3,0.00,0,46
EMAIL,IN_REVIEW,MEDIUM,11,640.00,16000,700,40,10,4.38,0.63,Email,Email,3,2,0.00,0,11
ANALYTICS,TO_DO,CRITICAL,80,5200.00,0,0,0,0,0.00,0.00,Internal,Analytics,5,5,0.00,0,80
DESIGN,IN_REVIEW,MEDIUM,20,1100.00,0,0,0,0,0.00,0.00,App,Creative,3,2,0.00,0,20
SEO,TO_DO,LOW,5,200.00,0,0,0,0,0.00,0.00,Website,Organic,1,1,0.00,0,5
CONTENT_CREATION,IN_PROGRESS,HIGH,40,3200.00,60000,2400,140,36,4.00,0.60,YouTube,Video,4,3,0.00,0,40
PPC,IN_REVIEW,CRITICAL,90,60000.00,900000,45000,2400,600,5.00,0.67,Google,SEM,5,4,0.00,2,90
SOCIAL_MEDIA,TO_DO,MEDIUM,14,1000.00,30000,1200,60,15,4.00,0.50,"Facebook;Twitter",Social,3,2,0.00,0,14
EMAIL,IN_PROGRESS,LOW,3,95.00,2800,110,6,2,4.00,0.64,Email,Email,1,1,0.00,0,3
ANALYTICS,IN_REVIEW,HIGH,26,1500.00,0,0,0,0,0.00,0.00,Website,Conversion,4,3,0.00,0,26
DESIGN,TO_DO,LOW,7,230.00,0,0,0,0,0.00,0.00,Website,Creative,2,1,0.00,0,7
SEO,IN_PROGRESS,MEDIUM,22,1250.00,0,0,0,0,0.00,0.00,Website,Organic,3,2,0.00,0,22
CONTENT_CREATION,IN_REVIEW,MEDIUM,21,1150.00,14000,520,30,9,3.71,0.64,Website,Content,3,2,0.00,0,21
PPC,TO_DO,MEDIUM,24,4200.00,70000,3000,160,40,4.29,0.57,Display,Programmatic,4,2,0.00,0,24
SOCIAL_MEDIA,IN_PROGRESS,HIGH,38,7600.00,140000,6000,340,85,4.29,0.61,"Facebook;LinkedIn",Social,4,3,0.00,0,38
EMAIL,IN_REVIEW,MEDIUM,13,780.00,19000,850,48,12,4.47,0.63,Email,Email,3,2,0.00,0,13
ANALYTICS,TO_DO,HIGH,36,1800.00,0,0,0,0,0.00,0.00,Internal,Analytics,4,3,0.00,0,36
DESIGN,IN_PROGRESS,MEDIUM,18,950.00,0,0,0,0,0.00,0.00,App,Creative,3,2,0.00,0,18
SEO,IN_REVIEW,HIGH,32,1700.00,0,0,0,0,0.00,0.00,Website,Organic,4,3,0.00,0,32
CONTENT_CREATION,TO_DO,LOW,6,240.00,3000,120,9,2,4.00,0.67,Website,Content,2,1,0.00,0,6
PPC,IN_PROGRESS,HIGH,58,30000.00,480000,22000,1100,280,4.40,0.58,Google,SEM,5,4,0.00,2,58
SOCIAL_MEDIA,IN_REVIEW,MEDIUM,19,1200.00,28000,1000,50,12,3.89,0.45,"Instagram;TikTok",Social,3,2,0.00,0,19
EMAIL,TO_DO,LOW,2,60.00,1500,60,4,1,4.00,0.27,Email,Email,1,1,0.00,0,2
ANALYTICS,IN_PROGRESS,CRITICAL,100,9000.00,0,0,0,0,0.00,0.00,Internal,Analytics,5,5,0.00,0,100
DESIGN,IN_REVIEW,MEDIUM,16,920.00,0,0,0,0,0.00,0.00,Website,Creative,3,2,0.00,0,16
SEO,TO_DO,LOW,4,170.00,0,0,0,0,0.00,0.00,Google,Local,1,1,0.00,0,4
CONTENT_CREATION,IN_PROGRESS,HIGH,44,3400.00,60000,2400,140,36,4.00,0.60,YouTube,Video,4,3,0.00,0,44
PPC,IN_REVIEW,MEDIUM,26,5200.00,85000,3600,180,45,4.24,0.53,Display,Programmatic,4,3,0.00,0,26
SOCIAL_MEDIA,TO_DO,MEDIUM,15,1000.00,26000,1000,50,12,3.83,0.50,"Facebook;Twitter",Social,3,2,0.00,0,15
EMAIL,IN_PROGRESS,MEDIUM,10,600.00,15000,700,40,10,4.38,0.67,Email,Email,3,2,0.00,0,10
ANALYTICS,IN_REVIEW,HIGH,28,1400.00,0,0,0,0,0.00,0.00,Website,Performance,4,3,0.00,0,28
DESIGN,TO_DO,LOW,5,130.00,0,0,0,0,0.00,0.00,Website,Creative,2,1,0.00,0,5
SEO,IN_PROGRESS,MEDIUM,20,1100.00,0,0,0,0,0.00,0.00,Website,Organic,3,2,0.00,0,20
CAMPAIGN,IN_PROGRESS,HIGH,110,28000.00,460000,20000,1000,260,4.52,0.62,"Facebook;Google",Multi,4,3,0.00,0,110
CAMPAIGN,IN_PROGRESS,HIGH,68,12000.00,180000,8000,400,100,4.44,0.56,"Facebook;Instagram",Multi,4,3,0.00,0,68
CONTENT_CREATION,TO_DO,MEDIUM,12,520.00,7000,280,18,5,4.00,0.64,Website,Content,3,2,0.00,0,12
SEO,IN_REVIEW,MEDIUM,20,1100.00,0,0,0,0,0.00,0.00,Website,Organic,3,2,0.00,0,20
SOCIAL_MEDIA,IN_PROGRESS,MEDIUM,14,900.00,24000,950,48,12,3.83,0.50,"Instagram;TikTok",Social,3,2,0.00,0,14
EMAIL,TO_DO,LOW,3,70.00,2200,90,6,2,4.09,0.36,Email,Email,1,1,0.00,0,3
PPC,IN_PROGRESS,HIGH,36,12500.00,200000,9000,450,110,4.50,0.55,Google,SEM,5,3,0.00,1,36
ANALYTICS,IN_REVIEW,CRITICAL,44,2600.00,0,0,0,0,0.00,0.00,Internal,Analytics,5,4,0.00,0,44
DESIGN,TO_DO,MEDIUM,10,780.00,0,0,0,0,0.00,0.00,Website,Creative,3,2,0.00,0,10
COPYWRITING,IN_PROGRESS,LOW,6,200.00,0,0,0,0,0.00,0.00,Website,Content,2,1,0.00,0,6
PPC,IN_REVIEW,MEDIUM,22,3400.00,48000,1900,95,24,3.96,0.50,Display,Programmatic,4,2,0.00,0,22
SOCIAL_MEDIA,DONE,HIGH,30,5200.00,90000,3600,180,45,4.00,0.50,"Facebook;LinkedIn",Social,4,2,0.00,0,30
CONTENT_CREATION,IN_PROGRESS,HIGH,34,2600.00,42000,1600,95,26,3.81,0.62,YouTube,Video,4,3,0.00,0,34
EMAIL,IN_REVIEW,MEDIUM,9,540.00,15000,700,40,10,4.33,0.60,Email,Email,3,2,0.00,0,9
DESIGN,TO_DO,LOW,5,140.00,0,0,0,0,0.00,0.00,Display,Creative,2,1,0.00,0,5
ANALYTICS,TO_DO,HIGH,28,1500.00,0,0,0,0,0.00,0.00,Website,Conversion,4,3,0.00,0,28
SEO,IN_PROGRESS,MEDIUM,16,820.00,0,0,0,0,0.00,0.00,Website,Organic,3,2,0.00,0,16
CAMPAIGN,TO_DO,CRITICAL,200,26000.00,380000,17000,900,230,4.47,0.61,"Facebook;Google",Multi,5,4,0.00,0,200
CONTENT_CREATION,TO_DO,LOW,4,170.00,1800,70,6,2,3.89,0.67,Website,Content,2,1,0.00,0,4
EMAIL,DONE,LOW,3,95.00,5200,220,12,3,4.17,0.60,Email,Email,1,1,0.00,0,3
PPC,IN_PROGRESS,HIGH,48,18000.00,300000,14000,700,170,4.44,0.57,Google,SEM,5,4,0.00,1,48
DESIGN,IN_REVIEW,MEDIUM,20,1200.00,0,0,0,0,0.00,0.00,App,Creative,3,2,0.00,0,20
ANALYTICS,IN_PROGRESS,MEDIUM,16,760.00,0,0,0,0,0.00,0.00,Internal,Analytics,3,2,0.00,0,16
SEO,TO_DO,LOW,6,210.00,0,0,0,0,0.00,0.00,Website,Organic,1,1,0.00,0,6
SOCIAL_MEDIA,IN_PROGRESS,HIGH,40,9000.00,160000,7000,380,95,4.38,0.59,"Instagram;TikTok",Social,4,3,0.00,0,40
CONTENT_CREATION,IN_REVIEW,MEDIUM,22,1350.00,19000,750,42,11,3.95,0.58,Website,Content,3,2,0.00,0,22
EMAIL,IN_PROGRESS,MEDIUM,14,820.00,20000,900,50,13,4.50,0.65,Email,Email,3,2,0.00,0,14
PPC,TO_DO,MEDIUM,26,4800.00,85000,3600,180,45,4.24,0.53,Display,Programmatic,4,2,0.00,0,26
ANALYTICS,IN_REVIEW,HIGH,32,1800.00,0,0,0,0,0.00,0.00,Website,Performance,4,3,0.00,0,32
DESIGN,TO_DO,LOW,7,210.00,0,0,0,0,0.00,0.00,Website,Creative,2,1,0.00,0,7
SEO,TO_DO,LOW,3,120.00,0,0,0,0,0.00,0.00,Google,Local,1,1,0.00,0,3
SOCIAL_MEDIA,IN_REVIEW,MEDIUM,16,1100.00,26000,900,45,11,3.46,0.42,"Instagram;Pinterest",Social,3,2,0.00,0,16
CONTENT_CREATION,IN_PROGRESS,HIGH,36,2400.00,38000,1500,85,22,3.95,0.58,YouTube,Video,4,3,0.00,0,36
EMAIL,TO_DO,LOW,2,55.00,1200,50,3,1,4.17,0.25,Email,Email,1,1,0.00,0,2
PPC,IN_PROGRESS,CRITICAL,78,46000.00,700000,35000,1800,450,5.00,0.64,Google,SEM,5,4,0.00,2,78
ANALYTICS,TO_DO,CRITICAL,92,5600.00,0,0,0,0,0.00,0.00,Internal,Analytics,5,5,0.00,0,92
DESIGN,IN_REVIEW,MEDIUM,18,1000.00,0,0,0,0,0.00,0.00,App,Creative,3,2,0.00,0,18
COPYWRITING,TO_DO,LOW,6,200.00,0,0,0,0,0.00,0.00,Website,Content,2,1,0.00,0,6
SEO,IN_PROGRESS,HIGH,34,2000.00,0,0,0,0,0.00,0.00,Website,Organic,4,3,0.00,0,34
SOCIAL_MEDIA,IN_PROGRESS,MEDIUM,24,2200.00,43000,1650,92,25,3.84,0.58,"Facebook;Instagram",Social,3,2,0.00,0,24
CONTENT_CREATION,TO_DO,MEDIUM,16,920.00,10500,420,28,8,3.81,0.76,Website,Content,3,2,0.00,0,16
EMAIL,IN_REVIEW,LOW,4,150.00,6800,300,18,4,4.41,0.62,Email,Email,2,1,0.00,0,4
PPC,IN_PROGRESS,HIGH,38,12800.00,210000,9500,480,120,4.52,0.57,Google,SEM,5,3,0.00,1,38
ANALYTICS,IN_REVIEW,CRITICAL,64,3600.00,0,0,0,0,0.00,0.00,Internal,Analytics,5,4,0.00,0,64
DESIGN,IN_PROGRESS,MEDIUM,14,860.00,0,0,0,0,0.00,0.00,Website,Creative,3,2,0.00,0,14
COPYWRITING,IN_PROGRESS,LOW,5,180.00,0,0,0,0,0.00,0.00,Website,Content,2,1,0.00,0,5
SEO,IN_REVIEW,MEDIUM,18,980.00,0,0,0,0,0.00,0.00,Website,Organic,3,2,0.00,0,18
CAMPAIGN,IN_PROGRESS,HIGH,116,29000.00,480000,22000,1100,280,4.48,0.59,"Facebook;Google",Multi,4,3,0.00,0,116
CONTENT_CREATION,TO_DO,LOW,8,260.00,3600,150,10,3,3.75,0.67,Website,Content,2,1,0.00,0,8
EMAIL,DONE,LOW,3,90.00,5000,210,12,3,4.17,0.60,Email,Email,1,1,0.00,0,3
PPC,IN_PROGRESS,HIGH,56,27000.00,440000,22000,1100,300,4.44,0.56,Google,SEM,5,4,0.00,2,56
DESIGN,IN_REVIEW,MEDIUM,22,1420.00,0,0,0,0,0.00,0.00,App,Creative,3,2,0.00,0,22
ANALYTICS,IN_PROGRESS,MEDIUM,18,920.00,0,0,0,0,0.00,0.00,Internal,Analytics,3,2,0.00,0,18
SEO,TO_DO,LOW,5,210.00,0,0,0,0,0.00,0.00,Website,Organic,1,1,0.00,0,5
SOCIAL_MEDIA,IN_PROGRESS,HIGH,46,10000.00,180000,8000,420,105,4.44,0.58,"Instagram;TikTok",Social,4,3,0.00,0,46
CONTENT_CREATION,IN_REVIEW,MEDIUM,24,1520.00,23000,950,55,14,4.13,0.61,Website,Content,3,2,0.00,0,24
EMAIL,IN_PROGRESS,MEDIUM,16,1000.00,24000,1150,60,16,4.79,0.67,Email,Email,3,2,0.00,0,16
PPC,TO_DO,MEDIUM,30,7400.00,120000,5400,270,70,4.50,0.56,Display,Programmatic,4,3,0.00,0,30
ANALYTICS,IN_REVIEW,HIGH,34,2100.00,0,0,0,0,0.00,0.00,Website,Performance,4,3,0.00,0,34
DESIGN,TO_DO,LOW,6,190.00,0,0,0,0,0.00,0.00,Website,Creative,2,1,0.00,0,6
SEO,TO_DO,LOW,4,150.00,0,0,0,0,0.00,0.00,Google,Local,1,1,0.00,0,4
SOCIAL_MEDIA,IN_PROGRESS,HIGH,54,15500.00,300000,13000,650,160,4.33,0.57,"Facebook;LinkedIn",Social,4,3,0.00,0,54
CONTENT_CREATION,TO_DO,MEDIUM,20,1120.00,15000,600,36,10,4.00,0.67,Website,Content,3,2,0.00,0,20
EMAIL,IN_REVIEW,LOW,4,160.00,7000,300,18,4,4.38,0.62,Email,Email,2,1,0.00,0,4
PPC,IN_PROGRESS,HIGH,42,16500.00,270000,12000,600,150,4.29,0.54,Google,SEM,5,3,0.00,1,42
ANALYTICS,TO_DO,CRITICAL,72,4200.00,0,0,0,0,0.00,0.00,Internal,Analytics,5,4,0.00,0,72
DESIGN,IN_REVIEW,MEDIUM,16,940.00,0,0,0,0,0.00,0.00,App,Creative,3,2,0.00,0,16
COPYWRITING,TO_DO,LOW,6,200.00,0,0,0,0,0.00,0.00,Website,Content,2,1,0.00,0,6
SEO,IN_REVIEW,HIGH,30,1700.00,0,0,0,0,0.00,0.00,Website,Organic,4,3,0.00,0,30
SOCIAL_MEDIA,IN_PROGRESS,MEDIUM,26,2100.00,42000,1600,90,24,3.81,0.57,"Facebook;Instagram",Social,3,2,0.00,0,26
CONTENT_CREATION,IN_REVIEW,HIGH,38,3100.00,54000,2200,140,36,4.07,0.66,YouTube,Video,4,3,0.00,0,38
EMAIL,IN_PROGRESS,MEDIUM,12,760.00,18000,800,45,11,4.44,0.61,Email,Email,3,2,0.00,0,12
PPC,TO_DO,MEDIUM,26,5600.00,90000,3800,200,50,4.22,0.56,Display,Programmatic,4,3,0.00,0,26
ANALYTICS,IN_PROGRESS,HIGH,30,1600.00,0,0,0,0,0.00,0.00,Website,Conversion,4,3,0.00,0,30
DESIGN,TO_DO,LOW,7,230.00,0,0,0,0,0.00,0.00,Website,Creative,2,1,0.00,0,7
SEO,TO_DO,LOW,4,150.00,0,0,0,0,0.00,0.00,Google,Local,1,1,0.00,0,4
CAMPAIGN,IN_PROGRESS,HIGH,120,26000.00,420000,18000,900,230,4.29,0.55,"Facebook;Google",Multi,4,3,0.00,0,120
SEO,IN_PROGRESS,MEDIUM,15,950.00,0,0,0,0,0.00,0.00,Website,Organic,3,2,0.00,0,15
CONTENT_CREATION,TO_DO,LOW,6,280.00,4200,160,12,3,3.81,0.57,Website,Content,2,1,0.00,0,6
PPC,IN_REVIEW,HIGH,30,7800.00,95000,4300,210,52,4.52,0.57,Google,SEM,4,3,0.00,0,30
SOCIAL_MEDIA,IN_PROGRESS,MEDIUM,12,920.00,21000,880,44,11,4.19,0.42,"Instagram;TikTok",Social,3,2,0.00,0,12
EMAIL,TO_DO,LOW,3,110.00,2600,100,6,2,3.85,0.38,Email,Email,1,1,0.00,0,3
ANALYTICS,IN_REVIEW,CRITICAL,42,2600.00,0,0,0,0,0.00,0.00,Internal,Analytics,5,4,0.00,0,42
DESIGN,TO_DO,MEDIUM,11,740.00,0,0,0,0,0.00,0.00,Website,Creative,3,2,0.00,0,11
COPYWRITING,IN_PROGRESS,LOW,5,190.00,0,0,0,0,0.00,0.00,Website,Content,2,1,0.00,0,5
CAMPAIGN,IN_PROGRESS,HIGH,98,16000.00,240000,10000,520,130,4.17,0.54,"Facebook;Google",Multi,4,3,0.00,0,98
CONTENT_CREATION,IN_REVIEW,MEDIUM,20,1250.00,12000,480,30,9,4.00,0.75,YouTube,Video,3,2,0.00,0,20
PPC,TO_DO,MEDIUM,24,4600.00,68000,2900,150,38,4.26,0.55,Display,Programmatic,4,2,0.00,0,24
SOCIAL_MEDIA,DONE,HIGH,28,5000.00,88000,3500,170,42,3.98,0.48,"Facebook;LinkedIn",Social,4,2,0.00,0,28
EMAIL,IN_PROGRESS,MEDIUM,13,760.00,17000,760,40,10,4.47,0.59,Email,Email,3,2,0.00,0,13
ANALYTICS,TO_DO,HIGH,32,1700.00,0,0,0,0,0.00,0.00,Website,Conversion,4,3,0.00,0,32
DESIGN,IN_REVIEW,LOW,6,160.00,0,0,0,0,0.00,0.00,Display,Creative,2,1,0.00,0,6
SEO,TO_DO,LOW,4,140.00,0,0,0,0,0.00,0.00,Google,Local,1,1,0.00,0,4
CONTENT_CREATION,IN_PROGRESS,HIGH,38,2900.00,47000,1800,110,30,3.83,0.59,YouTube,Video,4,3,0.00,0,38
PPC,IN_REVIEW,CRITICAL,66,34000.00,520000,25000,1200,320,4.85,0.61,Google,SEM,5,4,0.00,1,66
SOCIAL_MEDIA,TO_DO,MEDIUM,18,1200.00,32000,1200,60,15,3.75,0.47,"Instagram;Pinterest",Social,3,2,0.00,0,18
EMAIL,DONE,LOW,4,105.00,5400,230,13,4,4.21,0.63,Email,Email,2,1,0.00,0,4
ANALYTICS,IN_PROGRESS,CRITICAL,58,3300.00,0,0,0,0,0.00,0.00,Internal,Analytics,5,4,0.00,0,58
DESIGN,TO_DO,MEDIUM,15,980.00,0,0,0,0,0.00,0.00,App,Creative,3,2,0.00,0,15
SEO,IN_REVIEW,HIGH,26,1450.00,0,0,0,0,0.00,0.00,Website,Organic,4,3,0.00,0,26
CONTENT_CREATION,TO_DO,LOW,7,340.00,5200,200,16,4,3.88,0.62,Website,Content,2,1,0.00,0,7
PPC,IN_PROGRESS,HIGH,46,19000.00,320000,15000,750,190,4.47,0.56,Google,SEM,5,4,0.00,1,46
SOCIAL_MEDIA,IN_REVIEW,MEDIUM,22,1600.00,38000,1400,70,18,3.79,0.50,"Facebook;Instagram",Social,3,2,0.00,0,22
EMAIL,IN_PROGRESS,MEDIUM,11,680.00,15000,700,38,9,4.41,0.61,Email,Email,3,2,0.00,0,11
ANALYTICS,TO_DO,MEDIUM,14,820.00,0,0,0,0,0.00,0.00,Website,Performance,3,2,0.00,0,14
DESIGN,IN_PROGRESS,LOW,6,170.00,0,0,0,0,0.00,0.00,Website,Creative,2,1,0.00,0,6
SEO,TO_DO,MEDIUM,18,980.00,0,0,0,0,0.00,0.00,Website,Organic,3,2,0.00,0,18
CONTENT_CREATION,IN_REVIEW,HIGH,28,2100.00,33000,1300,75,20,3.94,0.60,YouTube,Video,4,3,0.00,0,28
PPC,TO_DO,MEDIUM,26,5400.00,90000,3800,200,50,4.22,0.56,Display,Programmatic,4,3,0.00,0,26
SOCIAL_MEDIA,IN_PROGRESS,HIGH,36,6400.00,105000,4500,240,60,4.29,0.57,"Instagram;TikTok",Social,4,3,0.00,0,36
EMAIL,IN_REVIEW,LOW,3,85.00,4200,170,10,3,4.05,0.40,Email,Email,1,1,0.00,0,3
ANALYTICS,IN_PROGRESS,HIGH,24,1300.00,0,0,0,0,0.00,0.00,Internal,Analytics,4,3,0.00,0,24
DESIGN,TO_DO,LOW,5,125.00,0,0,0,0,0.00,0.00,Display,Creative,1,1,0.00,0,5
SEO,IN_REVIEW,MEDIUM,16,840.00,0,0,0,0,0.00,0.00,Website,Organic,3,2,0.00,0,16
CONTENT_CREATION,IN_PROGRESS,MEDIUM,22,1180.00,14000,560,32,9,4.00,0.64,Website,Content,3,2,0.00,0,22
PPC,IN_REVIEW,HIGH,34,13200.00,220000,9800,500,130,4.41,0.56,Google,SEM,5,3,0.00,1,34
SOCIAL_MEDIA,TO_DO,MEDIUM,14,980.00,26000,1000,50,12,3.83,0.50,"Instagram;Pinterest",Social,3,2,0.00,0,14
EMAIL,IN_PROGRESS,MEDIUM,15,920.00,21000,950,52,13,4.57,0.63,Email,Email,3,2,0.00,0,15
ANALYTICS,IN_REVIEW,CRITICAL,70,3800.00,0,0,0,0,0.00,0.00,Internal,Analytics,5,4,0.00,0,70
DESIGN,IN_PROGRESS,MEDIUM,18,980.00,0,0,0,0,0.00,0.00,App,Creative,3,2,0.00,0,18
SEO,TO_DO,LOW,4,160.00,0,0,0,0,0.00,0.00,Google,Local,1,1,0.00,0,4
CONTENT_CREATION,IN_REVIEW,LOW,9,420.00,6200,240,18,5,4.00,0.60,Website,Content,2,1,0.00,0,9
PPC,IN_PROGRESS,HIGH,54,26000.00,420000,21000,1050,280,4.48,0.58,Google,SEM,5,4,0.00,2,54
SOCIAL_MEDIA,IN_REVIEW,MEDIUM,18,1260.00,31000,1150,58,15,3.71,0.47,"LinkedIn;Twitter",Social,3,2,0.00,0,18
EMAIL,TO_DO,LOW,2,48.00,1300,55,3,1,4.00,0.25,Email,Email,1,1,0.00,0,2
ANALYTICS,IN_PROGRESS,HIGH,36,2000.00,0,0,0,0,0.00,0.00,Website,Performance,4,3,0.00,0,36
DESIGN,TO_DO,LOW,6,190.00,0,0,0,0,0.00,0.00,Website,Creative,2,1,0.00,0,6
SEO,IN_REVIEW,HIGH,30,1700.00,0,0,0,0,0.00,0.00,Website,Organic,4,3,0.00,0,30
CONTENT_CREATION,TO_DO,MEDIUM,24,1420.00,21000,820,48,13,4.00,0.62,Website,Content,3,2,0.00,0,24
PPC,IN_PROGRESS,MEDIUM,28,6600.00,110000,5200,260,65,4.36,0.55,Display,Programmatic,4,3,0.00,0,28
SOCIAL_MEDIA,IN_PROGRESS,HIGH,48,14800.00,280000,12500,650,160,4.32,0.57,"Facebook;LinkedIn",Social,4,3,0.00,0,48
EMAIL,IN_REVIEW,MEDIUM,12,720.00,18000,800,45,11,4.44,0.61,Email,Email,3,2,0.00,0,12
ANALYTICS,TO_DO,CRITICAL,82,5400.00,0,0,0,0,0.00,0.00,Internal,Analytics,5,5,0.00,0,82
DESIGN,IN_REVIEW,MEDIUM,20,1120.00,0,0,0,0,0.00,0.00,App,Creative,3,2,0.00,0,20
SEO,TO_DO,LOW,5,210.00,0,0,0,0,0.00,0.00,Website,Organic,1,1,0.00,0,5
CONTENT_CREATION,IN_PROGRESS,HIGH,42,3300.00,56000,2300,140,36,4.07,0.64,YouTube,Video,4,3,0.00,0,42
PPC,IN_REVIEW,CRITICAL,88,52000.00,820000,42000,2100,520,4.91,0.66,Google,SEM,5,4,0.00,2,88
SOCIAL_MEDIA,TO_DO,MEDIUM,16,1040.00,28000,1100,55,14,3.85,0.49,"Instagram;TikTok",Social,3,2,0.00,0,16
EMAIL,DONE,LOW,4,115.00,5600,240,14,4,4.17,0.64,Email,Email,2,1,0.00,0,4
ANALYTICS,IN_PROGRESS,CRITICAL,60,3200.00,0,0,0,0,0.00,0.00,Internal,Analytics,5,4,0.00,0,60
DESIGN,TO_DO,MEDIUM,14,880.00,0,0,0,0,0.00,0.00,Website,Creative,3,2,0.00,0,14
SEO,IN_REVIEW,HIGH,32,1800.00,0,0,0,0,0.00,0.00,Website,Organic,4,3,0.00,0,32
CONTENT_CREATION,TO_DO,LOW,6,260.00,3400,130,10,3,3.85,0.62,Website,Content,2,1,0.00,0,6
PPC,IN_PROGRESS,HIGH,58,31000.00,500000,25000,1200,300,4.50,0.60,Google,SEM,5,4,0.00,2,58
SOCIAL_MEDIA,IN_REVIEW,MEDIUM,20,1500.00,36000,1400,70,18,3.80,0.50,"Facebook;Instagram",Social,3,2,0.00,0,20
EMAIL,IN_PROGRESS,MEDIUM,10,640.00,15000,700,38,9,4.38,0.63,Email,Email,3,2,0.00,0,10
ANALYTICS,TO_DO,HIGH,34,1900.00,0,0,0,0,0.00,0.00,Website,Performance,4,3,0.00,0,34
DESIGN,IN_REVIEW,LOW,6,180.00,0,0,0,0,0.00,0.00,Website,Creative,2,1,0.00,0,6
SEO,TO_DO,LOW,4,150.00,0,0,0,0,0.00,0.00,Google,Local,1,1,0.00,0,4
CAMPAIGN,IN_PROGRESS,HIGH,124,34000.00,600000,28000,1400,360,4.62,0.60,"Facebook;Google",Multi,5,4,0.00,0,124
CONTENT_CREATION,IN_REVIEW,MEDIUM,18,1280.00,16000,640,36,10,4.00,0.63,Website,Content,3,2,0.00,0,18
PPC,IN_PROGRESS,HIGH,44,17000.00,280000,12000,600,150,4.38,0.56,Google,SEM,5,3,0.00,1,44
SOCIAL_MEDIA,IN_PROGRESS,MEDIUM,26,2000.00,42000,1600,90,24,3.81,0.57,"Instagram;LinkedIn",Social,3,2,0.00,0,26
EMAIL,IN_REVIEW,LOW,4,150.00,7000,300,18,4,4.29,0.57,Email,Email,2,1,0.00,0,4
ANALYTICS,IN_PROGRESS,CRITICAL,76,4600.00,0,0,0,0,0.00,0.00,Internal,Analytics,5,4,0.00,0,76
DESIGN,TO_DO,MEDIUM,16,940.00,0,0,0,0,0.00,0.00,App,Creative,3,2,0.00,0,16
SEO,IN_REVIEW,MEDIUM,22,1280.00,0,0,0,0,0.00,0.00,Website,Organic,3,2,0.00,0,22
CONTENT_CREATION,IN_PROGRESS,HIGH,40,3100.00,52000,2100,130,34,4.05,0.62,YouTube,Video,4,3,0.00,0,40
PPC,IN_REVIEW,MEDIUM,30,7200.00,120000,5400,270,70,4.50,0.56,Display,Programmatic,4,3,0.00,0,30
SOCIAL_MEDIA,TO_DO,MEDIUM,15,980.00,26000,1000,50,12,3.83,0.50,"Instagram;Twitter",Social,3,2,0.00,0,15
EMAIL,IN_PROGRESS,MEDIUM,12,700.00,16000,750,40,10,4.29,0.63,Email,Email,3,2,0.00,0,12
ANALYTICS,IN_REVIEW,HIGH,28,1400.00,0,0,0,0,0.00,0.00,Website,Conversion,4,3,0.00,0,28
DESIGN,TO_DO,LOW,5,130.00,0,0,0,0,0.00,0.00,Website,Creative,2,1,0.00,0,5
SEO,IN_PROGRESS,MEDIUM,20,1100.00,0,0,0,0,0.00,0.00,Website,Organic,3,2,0.00,0,20
CAMPAIGN,IN_PROGRESS,HIGH,108,30000.00,520000,24000,1200,320,4.44,0.58,"Facebook;Google",Multi,4,3,0.00,0,108
CAMPAIGN,IN_PROGRESS,HIGH,72,14000.00,210000,9000,420,105,4.00,0.50,"Facebook;Instagram",Multi,4,3,0.00,0,72
CONTENT_CREATION,TO_DO,MEDIUM,10,520.00,7000,280,18,5,3.80,0.64,Website,Content,3,2,0.00,0,10
SEO,IN_REVIEW,HIGH,22,1300.00,0,0,0,0,0.00,0.00,Website,Organic,4,3,0.00,0,22
SOCIAL_MEDIA,IN_PROGRESS,MEDIUM,14,900.00,24000,950,48,12,3.90,0.50,"Instagram;TikTok",Social,3,2,0.00,0,14
EMAIL,TO_DO,LOW,3,60.00,1800,70,5,1,4.00,0.31,Email,Email,1,1,0.00,0,3
PPC,IN_PROGRESS,HIGH,36,12500.00,200000,9000,450,110,4.50,0.55,Google,SEM,5,3,0.00,1,36
ANALYTICS,IN_REVIEW,CRITICAL,44,2600.00,0,0,0,0,0.00,0.00,Internal,Analytics,5,4,0.00,0,44
DESIGN,TO_DO,MEDIUM,10,780.00,0,0,0,0,0.00,0.00,Website,Creative,3,2,0.00,0,10
COPYWRITING,IN_PROGRESS,LOW,6,200.00,0,0,0,0,0.00,0.00,Website,Content,2,1,0.00,0,6
PPC,IN_REVIEW,MEDIUM,22,3400.00,48000,1900,95,24,3.96,0.50,Display,Programmatic,4,2,0.00,0,22
SOCIAL_MEDIA,DONE,HIGH,30,5200.00,90000,3600,180,45,4.00,0.50,"Facebook;LinkedIn",Social,4,2,0.00,0,30
CONTENT_CREATION,IN_PROGRESS,HIGH,34,2600.00,42000,1600,95,26,3.81,0.62,YouTube,Video,4,3,0.00,0,34
EMAIL,IN_REVIEW,MEDIUM,9,540.00,15000,700,40,10,4.33,0.60,Email,Email,3,2,0.00,0,9
DESIGN,TO_DO,LOW,5,140.00,0,0,0,0,0.00,0.00,Display,Creative,2,1,0.00,0,5
ANALYTICS,TO_DO,HIGH,28,1500.00,0,0,0,0,0.00,0.00,Website,Conversion,4,3,0.00,0,28
SEO,IN_PROGRESS,MEDIUM,16,820.00,0,0,0,0,0.00,0.00,Website,Organic,3,2,0.00,0,16
CAMPAIGN,TO_DO,CRITICAL,200,26000.00,380000,17000,900,230,4.47,0.61,"Facebook;Google",Multi,5,4,0.00,0,200
CONTENT_CREATION,TO_DO,LOW,4,170.00,1800,70,6,2,3.89,0.67,Website,Content,2,1,0.00,0,4
EMAIL,DONE,LOW,3,95.00,5200,220,12,3,4.17,0.60,Email,Email,1,1,0.00,0,3
PPC,IN_PROGRESS,HIGH,48,18000.00,300000,14000,700,170,4.44,0.57,Google,SEM,5,4,0.00,1,48
DESIGN,IN_REVIEW,MEDIUM,20,1200.00,0,0,0,0,0.00,0.00,App,Creative,3,2,0.00,0,20
ANALYTICS,IN_PROGRESS,MEDIUM,16,760.00,0,0,0,0,0.00,0.00,Internal,Analytics,3,2,0.00,0,16
SEO,TO_DO,LOW,6,210.00,0,0,0,0,0.00,0.00,Website,Organic,1,1,0.00,0,6
SOCIAL_MEDIA,IN_PROGRESS,HIGH,40,9000.00,160000,7000,380,95,4.38,0.59,"Instagram;TikTok",Social,4,3,0.00,0,40
CONTENT_CREATION,IN_REVIEW,MEDIUM,22,1350.00,19000,750,42,11,3.95,0.58,Website,Content,3,2,0.00,0,22
EMAIL,IN_PROGRESS,MEDIUM,14,820.00,20000,900,50,13,4.50,0.65,Email,Email,3,2,0.00,0,14
PPC,TO_DO,MEDIUM,26,4800.00,85000,3600,180,45,4.24,0.53,Display,Programmatic,4,2,0.00,0,26
ANALYTICS,IN_REVIEW,HIGH,32,1800.00,0,0,0,0,0.00,0.00,Website,Performance,4,3,0.00,0,32
DESIGN,TO_DO,LOW,7,210.00,0,0,0,0,0.00,0.00,Website,Creative,2,1,0.00,0,7
SEO,TO_DO,LOW,3,120.00,0,0,0,0,0.00,0.00,Google,Local,1,1,0.00,0,3
SOCIAL_MEDIA,IN_REVIEW,MEDIUM,16,1100.00,26000,900,45,11,3.46,0.42,"Instagram;Pinterest",Social,3,2,0.00,0,16
CONTENT_CREATION,IN_PROGRESS,HIGH,36,2400.00,38000,1500,85,22,3.95,0.58,YouTube,Video,4,3,0.00,0,36
EMAIL,TO_DO,LOW,2,55.00,1200,50,3,1,4.17,0.25,Email,Email,1,1,0.00,0,2
PPC,IN_PROGRESS,CRITICAL,78,46000.00,700000,35000,1800,450,5.00,0.64,Google,SEM,5,4,0.00,2,78
ANALYTICS,TO_DO,CRITICAL,92,5600.00,0,0,0,0,0.00,0.00,Internal,Analytics,5,5,0.00,0,92
DESIGN,IN_REVIEW,MEDIUM,18,1000.00,0,0,0,0,0.00,0.00,App,Creative,3,2,0.00,0,18
COPYWRITING,TO_DO,LOW,6,200.00,0,0,0,0,0.00,0.00,Website,Content,2,1,0.00,0,6
SEO,IN_PROGRESS,HIGH,34,2000.00,0,0,0,0,0.00,0.00,Website,Organic,4,3,0.00,0,34
SOCIAL_MEDIA,IN_PROGRESS,MEDIUM,24,2200.00,43000,1650,92,25,3.84,0.58,"Facebook;Instagram",Social,3,2,0.00,0,24
CONTENT_CREATION,TO_DO,MEDIUM,16,920.00,10500,420,28,8,3.81,0.76,Website,Content,3,2,0.00,0,16
EMAIL,IN_REVIEW,LOW,4,150.00,6800,300,18,4,4.41,0.62,Email,Email,2,1,0.00,0,4
PPC,IN_PROGRESS,HIGH,38,12800.00,210000,9500,480,120,4.52,0.57,Google,SEM,5,3,0.00,1,38
ANALYTICS,IN_REVIEW,CRITICAL,64,3600.00,0,0,0,0,0.00,0.00,Internal,Analytics,5,4,0.00,0,64
DESIGN,IN_PROGRESS,MEDIUM,14,860.00,0,0,0,0,0.00,0.00,Website,Creative,3,2,0.00,0,14
COPYWRITING,IN_PROGRESS,LOW,5,180.00,0,0,0,0,0.00,0.00,Website,Content,2,1,0.00,0,5
SEO,IN_REVIEW,MEDIUM,18,980.00,0,0,0,0,0.00,0.00,Website,Organic,3,2,0.00,0,18
CAMPAIGN,IN_PROGRESS,HIGH,116,29000.00,480000,22000,1100,280,4.48,0.59,"Facebook;Google",Multi,4,3,0.00,0,116
CONTENT_CREATION,TO_DO,LOW,8,260.00,3600,150,10,3,3.75,0.67,Website,Content,2,1,0.00,0,8
EMAIL,DONE,LOW,3,90.00,5000,210,12,3,4.17,0.60,Email,Email,1,1,0.00,0,3
PPC,IN_PROGRESS,HIGH,56,27000.00,440000,22000,1100,300,4.44,0.56,Google,SEM,5,4,0.00,2,56
DESIGN,IN_REVIEW,MEDIUM,22,1420.00,0,0,0,0,0.00,0.00,App,Creative,3,2,0.00,0,22
ANALYTICS,IN_PROGRESS,MEDIUM,18,920.00,0,0,0,0,0.00,0.00,Internal,Analytics,3,2,0.00,0,18
SEO,TO_DO,LOW,5,210.00,0,0,0,0,0.00,0.00,Website,Organic,1,1,0.00,0,5
SOCIAL_MEDIA,IN_PROGRESS,HIGH,46,10000.00,180000,8000,420,105,4.44,0.58,"Instagram;TikTok",Social,4,3,0.00,0,46
CONTENT_CREATION,IN_REVIEW,MEDIUM,24,1520.00,23000,950,55,14,4.13,0.61,Website,Content,3,2,0.00,0,24
EMAIL,IN_PROGRESS,MEDIUM,16,1000.00,24000,1150,60,16,4.79,0.67,Email,Email,3,2,0.00,0,16
PPC,TO_DO,MEDIUM,30,7400.00,120000,5400,270,70,4.50,0.56,Display,Programmatic,4,3,0.00,0,30
ANALYTICS,IN_REVIEW,HIGH,34,2100.00,0,0,0,0,0.00,0.00,Website,Performance,4,3,0.00,0,34
DESIGN,TO_DO,LOW,6,190.00,0,0,0,0,0.00,0.00,Website,Creative,2,1,0.00,0,6
SEO,TO_DO,LOW,4,150.00,0,0,0,0,0.00,0.00,Google,Local,1,1,0.00,0,4
SOCIAL_MEDIA,IN_PROGRESS,HIGH,54,15500.00,300000,13000,650,160,4.33,0.57,"Facebook;LinkedIn",Social,4,3,0.00,0,54
CONTENT_CREATION,TO_DO,MEDIUM,20,1120.00,15000,600,36,10,4.00,0.67,Website,Content,3,2,0.00,0,20
EMAIL,IN_REVIEW,LOW,4,160.00,7000,300,18,4,4.38,0.62,Email,Email,2,1,0.00,0,4
PPC,IN_PROGRESS,HIGH,42,16500.00,270000,12000,600,150,4.29,0.54,Google,SEM,5,3,0.00,1,42
ANALYTICS,TO_DO,CRITICAL,72,4200.00,0,0,0,0,0.00,0.00,Internal,Analytics,5,4,0.00,0,72
DESIGN,IN_REVIEW,MEDIUM,16,940.00,0,0,0,0,0.00,0.00,App,Creative,3,2,0.00,0,16
COPYWRITING,TO_DO,LOW,6,200.00,0,0,0,0,0.00,0.00,Website,Content,2,1,0.00,0,6
SEO,IN_REVIEW,HIGH,30,1700.00,0,0,0,0,0.00,0.00,Website,Organic,4,3,0.00,0,30
SOCIAL_MEDIA,IN_PROGRESS,MEDIUM,26,2100.00,42000,1600,90,24,3.81,0.57,"Facebook;Instagram",Social,3,2,0.00,0,26
CONTENT_CREATION,IN_REVIEW,HIGH,38,3100.00,54000,2200,140,36,4.07,0.66,YouTube,Video,4,3,0.00,0,38
EMAIL,IN_PROGRESS,MEDIUM,12,760.00,18000,800,45,11,4.44,0.61,Email,Email,3,2,0.00,0,12
PPC,TO_DO,MEDIUM,26,5600.00,90000,3800,200,50,4.22,0.56,Display,Programmatic,4,3,0.00,0,26
ANALYTICS,IN_PROGRESS,HIGH,30,1600.00,0,0,0,0,0.00,0.00,Website,Conversion,4,3,0.00,0,30
DESIGN,TO_DO,LOW,7,230.00,0,0,0,0,0.00,0.00,Website,Creative,2,1,0.00,0,7
SEO,TO_DO,LOW,4,150.00,0,0,0,0,0.00,0.00,Google,Local,1,1,0.00,0,4
CAMPAIGN,IN_PROGRESS,HIGH,120,26000.00,420000,18000,900,230,4.29,0.55,"Facebook;Google",Multi,4,3,0.00,0,120
SEO,IN_PROGRESS,MEDIUM,15,950.00,0,0,0,0,0.00,0.00,Website,Organic,3,2,0.00,0,15
CONTENT_CREATION,TO_DO,LOW,6,280.00,4200,160,12,3,3.81,0.57,Website,Content,2,1,0.00,0,6
PPC,IN_REVIEW,HIGH,30,7800.00,95000,4300,210,52,4.52,0.57,Google,SEM,4,3,0.00,0,30
SOCIAL_MEDIA,IN_PROGRESS,MEDIUM,12,920.00,21000,880,44,11,4.19,0.42,"Instagram;TikTok",Social,3,2,0.00,0,12
EMAIL,TO_DO,LOW,3,110.00,2600,100,6,2,3.85,0.38,Email,Email,1,1,0.00,0,3
ANALYTICS,IN_REVIEW,CRITICAL,42,2600.00,0,0,0,0,0.00,0.00,Internal,Analytics,5,4,0.00,0,42
DESIGN,TO_DO,MEDIUM,11,740.00,0,0,0,0,0.00,0.00,Website,Creative,3,2,0.00,0,11
CONTENT_CREATION,IN_PROGRESS,HIGH,38,2900.00,47000,1800,110,30,3.83,0.59,YouTube,Video,4,3,0.00,0,38
PPC,IN_REVIEW,CRITICAL,66,34000.00,520000,25000,1200,320,4.85,0.61,Google,SEM,5,4,0.00,1,66
SOCIAL_MEDIA,TO_DO,MEDIUM,18,1200.00,32000,1200,60,15,3.75,0.47,"Instagram;Pinterest",Social,3,2,0.00,0,18
EMAIL,DONE,LOW,4,105.00,5400,230,13,4,4.21,0.63,Email,Email,2,1,0.00,0,4
ANALYTICS,IN_PROGRESS,CRITICAL,58,3300.00,0,0,0,0,0.00,0.00,Internal,Analytics,5,4,0.00,0,58
DESIGN,TO_DO,MEDIUM,15,980.00,0,0,0,0,0.00,0.00,App,Creative,3,2,0.00,0,15
SEO,IN_REVIEW,HIGH,26,1450.00,0,0,0,0,0.00,0.00,Website,Organic,4,3,0.00,0,26
CONTENT_CREATION,TO_DO,LOW,7,340.00,5200,200,16,4,3.88,0.62,Website,Content,2,1,0.00,0,7
PPC,IN_PROGRESS,HIGH,46,19000.00,320000,15000,750,190,4.47,0.56,Google,SEM,5,4,0.00,1,46
SOCIAL_MEDIA,IN_REVIEW,MEDIUM,22,1600.00,38000,1400,70,18,3.79,0.50,"Facebook;Instagram",Social,3,2,0.00,0,22
EMAIL,IN_PROGRESS,MEDIUM,11,680.00,15000,700,38,9,4.41,0.61,Email,Email,3,2,0.00,0,11
ANALYTICS,TO_DO,MEDIUM,14,820.00,0,0,0,0,0.00,0.00,Website,Performance,3,2,0.00,0,14
DESIGN,IN_PROGRESS,LOW,6,170.00,0,0,0,0,0.00,0.00,Website,Creative,2,1,0.00,0,6
SEO,TO_DO,MEDIUM,18,980.00,0,0,0,0,0.00,0.00,Website,Organic,3,2,0.00,0,18
CONTENT_CREATION,IN_REVIEW,HIGH,28,2100.00,33000,1300,75,20,3.94,0.60,YouTube,Video,4,3,0.00,0,28
PPC,TO_DO,MEDIUM,26,5400.00,90000,3800,200,50,4.22,0.56,Display,Programmatic,4,3,0.00,0,26
SOCIAL_MEDIA,IN_PROGRESS,HIGH,36,6400.00,105000,4500,240,60,4.29,0.57,"Instagram;TikTok",Social,4,3,0.00,0,36
EMAIL,IN_REVIEW,LOW,3,85.00,4200,170,10,3,4.05,0.40,Email,Email,1,1,0.00,0,3
ANALYTICS,IN_PROGRESS,HIGH,24,1300.00,0,0,0,0,0.00,0.00,Internal,Analytics,4,3,0.00,0,24
DESIGN,TO_DO,LOW,5,125.00,0,0,0,0,0.00,0.00,Display,Creative,1,1,0.00,0,5
SEO,IN_REVIEW,MEDIUM,16,840.00,0,0,0,0,0.00,0.00,Website,Organic,3,2,0.00,0,16
CONTENT_CREATION,IN_PROGRESS,MEDIUM,22,1180.00,14000,560,32,9,4.00,0.64,Website,Content,3,2,0.00,0,22
PPC,IN_REVIEW,HIGH,34,13200.00,220000,9800,500,130,4.41,0.56,Google,SEM,5,3,0.00,1,34
SOCIAL_MEDIA,TO_DO,MEDIUM,14,980.00,26000,1000,50,12,3.83,0.50,"Instagram;Pinterest",Social,3,2,0.00,0,14
EMAIL,IN_PROGRESS,MEDIUM,15,920.00,21000,950,52,13,4.57,0.63,Email,Email,3,2,0.00,0,15
ANALYTICS,IN_REVIEW,CRITICAL,70,3800.00,0,0,0,0,0.00,0.00,Internal,Analytics,5,4,0.00,0,70
DESIGN,IN_PROGRESS,MEDIUM,18,980.00,0,0,0,0,0.00,0.00,App,Creative,3,2,0.00,0,18
SEO,TO_DO,LOW,4,160.00,0,0,0,0,0.00,0.00,Google,Local,1,1,0.00,0,4
CONTENT_CREATION,IN_REVIEW,LOW,9,420.00,6200,240,18,5,4.00,0.60,Website,Content,2,1,0.00,0,9
PPC,IN_PROGRESS,HIGH,54,26000.00,420000,21000,1050,280,4.48,0.58,Google,SEM,5,4,0.00,2,54
SOCIAL_MEDIA,IN_REVIEW,MEDIUM,18,1260.00,31000,1150,58,15,3.71,0.47,"LinkedIn;Twitter",Social,3,2,0.00,0,18
EMAIL,TO_DO,LOW,2,48.00,1300,55,3,1,4.00,0.25,Email,Email,1,1,0.00,0,2
ANALYTICS,IN_PROGRESS,HIGH,36,2000.00,0,0,0,0,0.00,0.00,Website,Performance,4,3,0.00,0,36
DESIGN,TO_DO,LOW,6,190.00,0,0,0,0,0.00,0.00,Website,Creative,2,1,0.00,0,6
SEO,IN_REVIEW,HIGH,30,1700.00,0,0,0,0,0.00,0.00,Website,Organic,4,3,0.00,0,30
CONTENT_CREATION,TO_DO,MEDIUM,24,1420.00,21000,820,48,13,4.00,0.62,Website,Content,3,2,0.00,0,24
PPC,IN_PROGRESS,MEDIUM,28,6600.00,110000,5200,260,65,4.36,0.55,Display,Programmatic,4,3,0.00,0,28
SOCIAL_MEDIA,IN_PROGRESS,HIGH,48,14800.00,280000,12500,650,160,4.32,0.57,"Facebook;LinkedIn",Social,4,3,0.00,0,48
EMAIL,IN_REVIEW,MEDIUM,12,720.00,18000,800,45,11,4.44,0.61,Email,Email,3,2,0.00,0,12
ANALYTICS,TO_DO,CRITICAL,82,5400.00,0,0,0,0,0.00,0.00,Internal,Analytics,5,5,0.00,0,82
DESIGN,IN_REVIEW,MEDIUM,20,1120.00,0,0,0,0,0.00,0.00,App,Creative,3,2,0.00,0,20
SEO,TO_DO,LOW,5,210.00,0,0,0,0,0.00,0.00,Website,Organic,1,1,0.00,0,5
CONTENT_CREATION,IN_PROGRESS,HIGH,42,3300.00,56000,2300,140,36,4.07,0.64,YouTube,Video,4,3,0.00,0,42
PPC,IN_REVIEW,CRITICAL,88,52000.00,820000,42000,2100,520,4.91,0.66,Google,SEM,5,4,0.00,2,88
SOCIAL_MEDIA,TO_DO,MEDIUM,16,1040.00,28000,1100,55,14,3.85,0.49,"Instagram;TikTok",Social,3,2,0.00,0,16
EMAIL,DONE,LOW,4,115.00,5600,240,14,4,4.17,0.64,Email,Email,2,1,0.00,0,4
ANALYTICS,IN_PROGRESS,CRITICAL,60,3200.00,0,0,0,0,0.00,0.00,Internal,Analytics,5,4,0.00,0,60
DESIGN,TO_DO,MEDIUM,14,880.00,0,0,0,0,0.00,0.00,Website,Creative,3,2,0.00,0,14
SEO,IN_REVIEW,HIGH,32,1800.00,0,0,0,0,0.00,0.00,Website,Organic,4,3,0.00,0,32
CONTENT_CREATION,TO_DO,LOW,6,260.00,3400,130,10,3,3.85,0.62,Website,Content,2,1,0.00,0,6
PPC,IN_PROGRESS,HIGH,58,31000.00,500000,25000,1200,300,4.50,0.60,Google,SEM,5,4,0.00,2,58
SOCIAL_MEDIA,IN_REVIEW,MEDIUM,20,1500.00,36000,1400,70,18,3.80,0.50,"Facebook;Instagram",Social,3,2,0.00,0,20
EMAIL,IN_PROGRESS,MEDIUM,10,640.00,15000,700,38,9,4.38,0.63,Email,Email,3,2,0.00,0,10
ANALYTICS,TO_DO,HIGH,34,1900.00,0,0,0,0,0.00,0.00,Website,Performance,4,3,0.00,0,34
DESIGN,IN_REVIEW,LOW,6,180.00,0,0,0,0,0.00,0.00,Website,Creative,2,1,0.00,0,6
SEO,TO_DO,LOW,4,150.00,0,0,0,0,0.00,0.00,Google,Local,1,1,0.00,0,4
CAMPAIGN,IN_PROGRESS,HIGH,124,34000.00,600000,28000,1400,360,4.62,0.60,"Facebook;Google",Multi,5,4,0.00,0,124
CAMPAIGN,IN_REVIEW,HIGH,64,11000.00,170000,7600,380,95,4.47,0.56,"Facebook;YouTube",Multi,4,3,0.00,0,64
CONTENT_CREATION,IN_PROGRESS,MEDIUM,13,680.00,8200,320,20,6,3.90,0.73,Website,Content,3,2,0.00,0,13
SEO,TO_DO,MEDIUM,9,600.00,0,0,0,0,0.00,0.00,Website,Organic,3,2,0.00,0,9
SOCIAL_MEDIA,IN_REVIEW,LOW,7,420.00,12000,480,22,6,4.00,0.50,"Instagram;Pinterest",Social,2,1,0.00,0,7
EMAIL,DONE,MEDIUM,5,250.00,9000,380,18,5,4.22,0.56,Email,Email,2,1,0.00,0,5
PPC,TO_DO,HIGH,34,9800.00,140000,7000,350,90,5.00,0.64,Google,SEM,5,3,0.00,0,34
ANALYTICS,IN_PROGRESS,MEDIUM,18,1200.00,0,0,0,0,0.00,0.00,Internal,Analytics,3,2,0.00,0,18
DESIGN,IN_REVIEW,MEDIUM,12,820.00,0,0,0,0,0.00,0.00,Website,Creative,3,2,0.00,0,12
COPYWRITING,TO_DO,LOW,4,140.00,0,0,0,0,0.00,0.00,Website,Content,1,1,0.00,0,4
CAMPAIGN,IN_PROGRESS,CRITICAL,180,28000.00,360000,16000,800,220,4.44,0.61,"Google;Programmatic",Multi,5,4,0.00,0,180
CONTENT_CREATION,IN_REVIEW,MEDIUM,16,980.00,11000,420,26,8,3.82,0.73,YouTube,Video,3,2,0.00,0,16
SEO,IN_PROGRESS,HIGH,28,1600.00,0,0,0,0,0.00,0.00,Website,Organic,4,3,0.00,0,28
SOCIAL_MEDIA,TO_DO,MEDIUM,11,760.00,21000,820,40,10,3.90,0.48,"TikTok;Instagram",Social,3,2,0.00,0,11
EMAIL,IN_REVIEW,LOW,3,90.00,3000,120,6,2,4.00,0.40,Email,Email,1,1,0.00,0,3
PPC,IN_PROGRESS,MEDIUM,26,7200.00,95000,4200,210,52,4.42,0.55,Display,Programmatic,4,3,0.00,0,26
ANALYTICS,TO_DO,CRITICAL,52,3400.00,0,0,0,0,0.00,0.00,Internal,Analytics,5,4,0.00,0,52
DESIGN,IN_PROGRESS,LOW,6,180.00,0,0,0,0,0.00,0.00,App,Creative,2,1,0.00,0,6
COPYWRITING,IN_REVIEW,MEDIUM,10,420.00,6000,240,16,4,3.80,0.67,Website,Content,2,1,0.00,0,10
CAMPAIGN,TO_DO,HIGH,88,15000.00,220000,9500,480,120,4.32,0.54,"Facebook;LinkedIn",Multi,4,3,0.00,0,88
CONTENT_CREATION,IN_PROGRESS,LOW,6,300.00,4500,180,12,3,3.75,0.67,Website,Content,2,1,0.00,0,6
SEO,IN_REVIEW,MEDIUM,20,1100.00,0,0,0,0,0.00,0.00,Website,Organic,3,2,0.00,0,20
SOCIAL_MEDIA,IN_PROGRESS,HIGH,30,5200.00,90000,3600,180,45,4.00,0.50,"Facebook;Instagram",Social,4,3,0.00,0,30
EMAIL,TO_DO,MEDIUM,8,420.00,12000,520,28,7,4.33,0.58,Email,Email,3,2,0.00,0,8
PPC,IN_REVIEW,CRITICAL,72,42000.00,700000,35000,1800,450,5.00,0.64,Google,SEM,5,4,0.00,0,72
ANALYTICS,IN_PROGRESS,HIGH,24,1400.00,0,0,0,0,0.00,0.00,Website,Conversion,4,3,0.00,0,24
DESIGN,TO_DO,MEDIUM,14,760.00,0,0,0,0,0.00,0.00,Website,Creative,3,2,0.00,0,14
COPYWRITING,IN_PROGRESS,LOW,5,160.00,0,0,0,0,0.00,0.00,Email,Creative,2,1,0.00,0,5
CAMPAIGN,IN_REVIEW,HIGH,104,24000.00,380000,17000,900,230,4.47,0.60,"Google;YouTube",Multi,4,3,0.00,0,104
CONTENT_CREATION,TO_DO,MEDIUM,18,1200.00,15000,600,35,9,4.00,0.60,Website,Content,3,2,0.00,0,18
SEO,IN_PROGRESS,LOW,6,220.00,0,0,0,0,0.00,0.00,Google,Local,1,1,0.00,0,6
SOCIAL_MEDIA,IN_REVIEW,MEDIUM,15,1100.00,26000,1000,50,12,3.83,0.50,"LinkedIn;Twitter",Social,3,2,0.00,0,15
EMAIL,IN_PROGRESS,LOW,4,140.00,6000,260,14,4,4.33,0.67,Email,Email,2,1,0.00,0,4
PPC,TO_DO,MEDIUM,28,6400.00,100000,4200,210,55,4.20,0.53,Display,Programmatic,4,3,0.00,0,28
ANALYTICS,IN_REVIEW,CRITICAL,60,3000.00,0,0,0,0,0.00,0.00,Internal,Analytics,5,4,0.00,0,60
DESIGN,IN_PROGRESS,MEDIUM,16,900.00,0,0,0,0,0.00,0.00,App,Product,3,2,0.00,0,16
COPYWRITING,TO_DO,LOW,3,100.00,0,0,0,0,0.00,0.00,Website,Support,1,1,0.00,0,3
CAMPAIGN,IN_PROGRESS,MEDIUM,52,9000.00,130000,6000,300,80,4.62,0.58,"Facebook;Display",Multi,4,3,0.00,0,52
CONTENT_CREATION,IN_REVIEW,HIGH,26,1600.00,22000,900,50,14,4.09,0.64,YouTube,Video,4,3,0.00,0,26
SEO,TO_DO,MEDIUM,12,700.00,0,0,0,0,0.00,0.00,Website,Organic,3,2,0.00,0,12
SOCIAL_MEDIA,IN_PROGRESS,LOW,6,320.00,6000,240,12,3,4.00,0.40,"Instagram;Snapchat",Social,2,1,0.00,0,6
EMAIL,IN_REVIEW,MEDIUM,7,360.00,10000,420,22,6,4.20,0.60,Email,Email,2,1,0.00,0,7
PPC,IN_PROGRESS,HIGH,40,13000.00,200000,9000,450,110,4.50,0.55,Google,SEM,5,3,0.00,0,40
ANALYTICS,TO_DO,HIGH,36,1800.00,0,0,0,0,0.00,0.00,Website,Analytics,4,3,0.00,0,36
DESIGN,IN_REVIEW,LOW,8,220.00,0,0,0,0,0.00,0.00,Website,Creative,2,1,0.00,0,8
COPYWRITING,IN_PROGRESS,MEDIUM,11,480.00,7000,280,18,5,3.86,0.71,Website,Content,3,2,0.00,0,11
CAMPAIGN,TO_DO,HIGH,76,14000.00,210000,9000,420,105,4.29,0.52,"Google;Facebook",Multi,4,3,0.00,0,76
CONTENT_CREATION,IN_PROGRESS,MEDIUM,14,820.00,9000,350,20,6,3.89,0.67,Website,Content,3,2,0.00,0,14
SEO,IN_REVIEW,HIGH,30,1500.00,0,0,0,0,0.00,0.00,Website,Organic,4,3,0.00,0,30
SOCIAL_MEDIA,TO_DO,MEDIUM,10,680.00,18000,720,36,9,4.00,0.50,"Facebook;Instagram",Social,3,2,0.00,0,10
EMAIL,IN_PROGRESS,LOW,5,200.00,8000,320,18,5,4.00,0.50,Email,Email,2,1,0.00,0,5
PPC,IN_REVIEW,MEDIUM,24,5200.00,80000,3500,170,42,4.38,0.56,Display,Programmatic,4,2,0.00,0,24
ANALYTICS,IN_PROGRESS,CRITICAL,68,4200.00,0,0,0,0,0.00,0.00,Internal,Analytics,5,4,0.00,0,68
DESIGN,TO_DO,MEDIUM,13,760.00,0,0,0,0,0.00,0.00,App,Creative,3,2,0.00,0,13
COPYWRITING,IN_REVIEW,LOW,4,150.00,0,0,0,0,0.00,0.00,Email,Creative,1,1,0.00,0,4
CAMPAIGN,IN_PROGRESS,CRITICAL,200,32000.00,500000,24000,1200,320,4.50,0.62,"Programmatic;TV",Multi,5,4,0.00,0,200
CONTENT_CREATION,TO_DO,LOW,6,260.00,3800,150,10,3,3.85,0.63,Website,Content,2,1,0.00,0,6
SEO,IN_PROGRESS,MEDIUM,18,920.00,0,0,0,0,0.00,0.00,Website,Organic,3,2,0.00,0,18
SOCIAL_MEDIA,IN_REVIEW,HIGH,32,6000.00,110000,4800,240,60,4.36,0.55,"Instagram;TikTok",Social,4,3,0.00,0,32
EMAIL,TO_DO,MEDIUM,9,480.00,13000,560,32,8,4.31,0.62,Email,Email,3,2,0.00,0,9
PPC,IN_PROGRESS,HIGH,50,21000.00,340000,15000,800,200,4.76,0.59,Google,SEM,5,4,0.00,0,50
ANALYTICS,IN_REVIEW,HIGH,26,1500.00,0,0,0,0,0.00,0.00,Website,Conversion,4,3,0.00,0,26
DESIGN,IN_PROGRESS,LOW,6,200.00,0,0,0,0,0.00,0.00,Website,Creative,2,1,0.00,0,6
COPYWRITING,TO_DO,MEDIUM,12,520.00,8000,320,20,6,3.90,0.75,Website,Content,3,2,0.00,0,12
CAMPAIGN,IN_REVIEW,HIGH,96,18000.00,300000,14000,700,180,4.67,0.58,"Facebook;YouTube",Multi,4,3,0.00,0,96
CONTENT_CREATION,IN_PROGRESS,MEDIUM,20,1100.00,15000,600,35,9,3.89,0.60,Website,Content,3,2,0.00,0,20
SEO,TO_DO,LOW,5,180.00,0,0,0,0,0.00,0.00,Google,Local,1,1,0.00,0,5
SOCIAL_MEDIA,IN_PROGRESS,MEDIUM,18,1250.00,30000,1100,55,14,3.71,0.47,"LinkedIn;Twitter",Social,3,2,0.00,0,18
EMAIL,IN_REVIEW,LOW,4,160.00,6500,280,16,4,4.38,0.62,Email,Email,2,1,0.00,0,4
PPC,IN_PROGRESS,MEDIUM,30,7600.00,120000,5200,260,70,4.33,0.58,Display,Programmatic,4,3,0.00,0,30
ANALYTICS,TO_DO,CRITICAL,84,5200.00,0,0,0,0,0.00,0.00,Internal,Analytics,5,5,0.00,0,84
DESIGN,IN_REVIEW,MEDIUM,16,900.00,0,0,0,0,0.00,0.00,App,Creative,3,2,0.00,0,16
COPYWRITING,IN_PROGRESS,LOW,6,200.00,0,0,0,0,0.00,0.00,Website,Content,2,1,0.00,0,6
CAMPAIGN,IN_PROGRESS,HIGH,128,36000.00,620000,30000,1500,380,4.73,0.63,"Google;Programmatic",Multi,5,4,0.00,0,128
CONTENT_CREATION,IN_REVIEW,MEDIUM,22,1300.00,18000,700,40,11,3.89,0.61,YouTube,Video,3,2,0.00,0,22
SEO,IN_PROGRESS,HIGH,36,2200.00,0,0,0,0,0.00,0.00,Website,Organic,4,3,0.00,0,36
SOCIAL_MEDIA,TO_DO,LOW,6,300.00,5000,200,10,2,4.00,0.40,"Instagram;Pinterest",Social,2,1,0.00,0,6
EMAIL,IN_PROGRESS,MEDIUM,11,640.00,16000,700,40,10,4.38,0.63,Email,Email,3,2,0.00,0,11
PPC,IN_REVIEW,HIGH,42,16000.00,260000,11000,560,140,4.23,0.54,Google,SEM,5,3,0.00,0,42
ANALYTICS,IN_PROGRESS,HIGH,28,1500.00,0,0,0,0,0.00,0.00,Website,Performance,4,3,0.00,0,28
DESIGN,TO_DO,LOW,5,120.00,0,0,0,0,0.00,0.00,Display,Creative,1,1,0.00,0,5
COPYWRITING,IN_REVIEW,MEDIUM,9,360.00,6000,240,16,4,3.80,0.67,Website,Content,2,1,0.00,0,9
CAMPAIGN,IN_PROGRESS,MEDIUM,60,10000.00,150000,7000,350,90,4.67,0.57,"Facebook;Display",Multi,4,3,0.00,0,60
CONTENT_CREATION,IN_PROGRESS,HIGH,32,2400.00,38000,1500,80,20,3.95,0.53,YouTube,Video,4,3,0.00,0,32
SEO,TO_DO,MEDIUM,14,760.00,0,0,0,0,0.00,0.00,Website,Organic,3,2,0.00,0,14
SOCIAL_MEDIA,IN_REVIEW,HIGH,34,5600.00,95000,3800,210,52,4.00,0.55,"Facebook;LinkedIn",Social,4,3,0.00,0,34
EMAIL,TO_DO,LOW,3,95.00,2800,110,6,2,4.00,0.64,Email,Email,1,1,0.00,0,3
PPC,IN_PROGRESS,CRITICAL,96,54000.00,850000,43000,2200,540,4.92,0.66,Google,SEM,5,4,0.00,0,96
ANALYTICS,IN_REVIEW,CRITICAL,100,9000.00,0,0,0,0,0.00,0.00,Internal,Analytics,5,5,0.00,0,100
DESIGN,IN_PROGRESS,MEDIUM,18,980.00,0,0,0,0,0.00,0.00,App,Creative,3,2,0.00,0,18
COPYWRITING,TO_DO,LOW,4,150.00,0,0,0,0,0.00,0.00,Website,Content,1,1,0.00,0,4
CAMPAIGN,IN_REVIEW,HIGH,112,26000.00,420000,18000,900,230,4.46,0.59,"Google;YouTube",Multi,4,3,0.00,0,112
CONTENT_CREATION,TO_DO,MEDIUM,17,880.00,11000,420,26,7,3.82,0.64,Website,Content,3,2,0.00,0,17
SEO,IN_PROGRESS,LOW,8,340.00,0,0,0,0,0.00,0.00,Google,Local,1,1,0.00,0,8
SOCIAL_MEDIA,IN_PROGRESS,MEDIUM,20,1400.00,32000,1200,60,15,3.86,0.48,"Instagram;TikTok",Social,3,2,0.00,0,20
EMAIL,IN_REVIEW,MEDIUM,10,600.00,15000,700,40,10,4.38,0.67,Email,Email,3,2,0.00,0,10
PPC,TO_DO,MEDIUM,26,5600.00,90000,3800,200,50,4.22,0.56,Display,Programmatic,4,3,0.00,0,26
ANALYTICS,IN_PROGRESS,HIGH,30,1600.00,0,0,0,0,0.00,0.00,Website,Conversion,4,3,0.00,0,30
DESIGN,IN_REVIEW,LOW,6,190.00,0,0,0,0,0.00,0.00,Website,Creative,2,1,0.00,0,6
COPYWRITING,IN_PROGRESS,MEDIUM,11,500.00,9000,360,22,7,3.89,0.69,Website,Content,3,2,0.00,0,11
CAMPAIGN,IN_PROGRESS,HIGH,96,20000.00,360000,16000,800,220,4.44,0.61,"Programmatic;TV",Multi,5,4,0.00,0,96
CAMPAIGN,TO_DO,MEDIUM,64,8200.00,110000,4800,240,60,4.36,0.55,"Facebook;LinkedIn",Multi,4,3,0.00,0,64
CONTENT_CREATION,IN_PROGRESS,LOW,7,320.00,4200,160,12,3,3.81,0.57,Website,Blog,2,1,0.00,0,7
SEO,IN_REVIEW,HIGH,20,1300.00,0,0,0,0,0.00,0.00,Website,Organic,4,3,0.00,0,20
SOCIAL_MEDIA,DONE,MEDIUM,18,1100.00,26000,1000,50,12,3.85,0.48,"Instagram;TikTok",Social,3,2,0.00,0,18
EMAIL,IN_PROGRESS,MEDIUM,9,420.00,12000,520,28,7,4.33,0.58,Email,Retention,3,2,0.00,0,9
PPC,IN_REVIEW,HIGH,36,14000.00,220000,9800,490,125,4.45,0.56,Google,SEM,5,3,0.00,0,36
ANALYTICS,TO_DO,CRITICAL,48,3000.00,0,0,0,0,0.00,0.00,Internal,Analytics,5,4,0.00,0,48
DESIGN,IN_PROGRESS,MEDIUM,12,900.00,0,0,0,0,0.00,0.00,Website,Creative,3,2,0.00,0,12
COPYWRITING,TO_DO,LOW,4,160.00,0,0,0,0,0.00,0.00,Website,Support,1,1,0.00,0,4
CAMPAIGN,IN_PROGRESS,HIGH,140,32000.00,520000,24000,1200,320,4.62,0.61,"Facebook;Google",Multi,5,4,0.00,0,140
CONTENT_CREATION,IN_REVIEW,MEDIUM,22,1500.00,18000,700,40,11,3.89,0.61,YouTube,Video,3,2,0.00,0,22
SEO,TO_DO,LOW,6,240.00,0,0,0,0,0.00,0.00,Google,Local,1,1,0.00,0,6
SOCIAL_MEDIA,IN_PROGRESS,HIGH,28,4800.00,80000,3200,160,40,4.00,0.50,"Facebook;Instagram",Social,4,3,0.00,0,28
EMAIL,IN_REVIEW,LOW,4,130.00,6000,260,14,4,4.33,0.67,Email,Email,2,1,0.00,0,4
PPC,IN_PROGRESS,CRITICAL,80,42000.00,700000,35000,1800,450,5.00,0.64,Google,SEM,5,4,0.00,2,80
ANALYTICS,IN_PROGRESS,HIGH,30,1600.00,0,0,0,0,0.00,0.00,Website,Conversion,4,3,0.00,0,30
DESIGN,TO_DO,LOW,5,120.00,0,0,0,0,0.00,0.00,Display,Creative,1,1,0.00,0,5
COPYWRITING,IN_PROGRESS,MEDIUM,10,420.00,7000,280,18,5,3.86,0.71,Website,Content,3,2,0.00,0,10
CAMPAIGN,DONE,HIGH,96,20000.00,360000,16000,800,200,4.44,0.61,"Programmatic;TV",Multi,5,4,0.00,0,96
CONTENT_CREATION,TO_DO,MEDIUM,15,900.00,12000,480,30,9,4.00,0.60,Website,Content,3,2,0.00,0,15
SEO,IN_REVIEW,MEDIUM,18,980.00,0,0,0,0,0.00,0.00,Website,Organic,3,2,0.00,0,18
SOCIAL_MEDIA,IN_PROGRESS,MEDIUM,20,1400.00,32000,1200,60,15,3.86,0.48,"Instagram;LinkedIn",Social,3,2,0.00,0,20
EMAIL,TO_DO,LOW,2,60.00,1500,60,4,1,4.00,0.27,Email,Email,1,1,0.00,0,2
PPC,IN_REVIEW,HIGH,44,17000.00,280000,12000,600,150,4.29,0.54,Google,SEM,5,3,0.00,1,44
ANALYTICS,IN_REVIEW,CRITICAL,56,3200.00,0,0,0,0,0.00,0.00,Internal,Analytics,5,4,0.00,0,56
DESIGN,IN_PROGRESS,MEDIUM,16,1100.00,0,0,0,0,0.00,0.00,App,Product,3,2,0.00,0,16
COPYWRITING,TO_DO,LOW,3,120.00,0,0,0,0,0.00,0.00,Website,Support,1,1,0.00,0,3
CAMPAIGN,IN_PROGRESS,MEDIUM,60,9000.00,130000,6000,300,80,4.62,0.58,"Facebook;Display",Multi,4,3,0.00,0,60
CONTENT_CREATION,IN_PROGRESS,HIGH,34,2600.00,42000,1600,95,26,3.81,0.62,YouTube,Video,4,3,0.00,0,34
SEO,TO_DO,MEDIUM,12,700.00,0,0,0,0,0.00,0.00,Website,Organic,3,2,0.00,0,12
SOCIAL_MEDIA,IN_REVIEW,HIGH,30,5400.00,95000,3800,210,52,4.00,0.55,"Facebook;LinkedIn",Social,4,3,0.00,0,30
EMAIL,IN_PROGRESS,MEDIUM,11,640.00,16000,700,40,10,4.38,0.63,Email,Email,3,2,0.00,0,11
PPC,TO_DO,MEDIUM,26,5600.00,90000,3800,200,50,4.22,0.56,Display,Programmatic,4,3,0.00,0,26
ANALYTICS,IN_REVIEW,HIGH,34,2100.00,0,0,0,0,0.00,0.00,Website,Performance,4,3,0.00,0,34
DESIGN,TO_DO,LOW,6,190.00,0,0,0,0,0.00,0.00,Website,Creative,2,1,0.00,0,6
COPYWRITING,IN_REVIEW,LOW,4,160.00,0,0,0,0,0.00,0.00,"Facebook;Google",Creative,2,1,0.00,0,4
CAMPAIGN,IN_PROGRESS,HIGH,120,26000.00,420000,18000,900,230,4.29,0.55,"Facebook;Google",Multi,4,3,0.00,0,120
CONTENT_CREATION,TO_DO,LOW,8,260.00,3600,150,10,3,3.75,0.67,Website,Content,2,1,0.00,0,8
SEO,IN_PROGRESS,HIGH,36,2200.00,0,0,0,0,0.00,0.00,Website,Organic,4,3,0.00,0,36
SOCIAL_MEDIA,IN_PROGRESS,MEDIUM,26,2000.00,42000,1600,90,24,3.81,0.57,"Instagram;TikTok",Social,3,2,0.00,0,26
EMAIL,IN_REVIEW,LOW,4,150.00,7000,300,18,4,4.29,0.57,Email,Email,2,1,0.00,0,4
PPC,IN_PROGRESS,HIGH,50,21000.00,340000,15000,800,200,4.76,0.59,Google,SEM,5,4,0.00,1,50
ANALYTICS,TO_DO,CRITICAL,88,5200.00,0,0,0,0,0.00,0.00,Internal,Analytics,5,5,0.00,0,88
DESIGN,IN_REVIEW,MEDIUM,18,1000.00,0,0,0,0,0.00,0.00,"Instagram;Website",Creative,3,2,0.00,0,18
COPYWRITING,IN_PROGRESS,LOW,6,200.00,0,0,0,0,0.00,0.00,Website,Content,2,1,0.00,0,6
CAMPAIGN,IN_REVIEW,CRITICAL,300,45000.00,600000,30000,1500,380,4.44,0.60,"Programmatic;TV",Multi,5,4,0.00,0,300
CONTENT_CREATION,IN_PROGRESS,MEDIUM,20,1200.00,15000,600,35,9,4.00,0.60,Website,Content,3,2,0.00,0,20
SEO,TO_DO,LOW,4,170.00,0,0,0,0,0.00,0.00,Google,Local,1,1,0.00,0,4
SOCIAL_MEDIA,IN_REVIEW,MEDIUM,22,1800.00,40000,1500,80,20,3.75,0.50,"Facebook;Twitter",Social,3,2,0.00,0,22
EMAIL,IN_PROGRESS,MEDIUM,13,780.00,19000,850,48,12,4.47,0.63,Email,Email,3,2,0.00,0,13
PPC,IN_REVIEW,MEDIUM,28,6400.00,100000,4200,210,55,4.20,0.53,Display,Programmatic,4,3,0.00,0,28
ANALYTICS,IN_PROGRESS,HIGH,26,1500.00,0,0,0,0,0.00,0.00,Website,Conversion,4,3,0.00,0,26
DESIGN,TO_DO,LOW,7,230.00,0,0,0,0,0.00,0.00,Website,Creative,2,1,0.00,0,7
COPYWRITING,TO_DO,LOW,2,90.00,0,0,0,0,0.00,0.00,Website,Product,1,1,0.00,0,2
CAMPAIGN,IN_PROGRESS,HIGH,88,14500.00,210000,9200,460,115,4.38,0.55,"Facebook;Instagram",Multi,4,3,0.00,0,88
CONTENT_CREATION,TO_DO,MEDIUM,11,560.00,7200,300,20,6,4.17,0.83,Website,Content,3,2,0.00,0,11
SEO,IN_REVIEW,HIGH,26,1350.00,0,0,0,0,0.00,0.00,Website,Organic,4,3,0.00,0,26
SOCIAL_MEDIA,IN_PROGRESS,MEDIUM,14,980.00,27000,1100,55,13,3.85,0.48,"Instagram;TikTok",Social,3,2,0.00,0,14
EMAIL,TO_DO,LOW,3,65.00,2100,85,6,2,3.92,0.32,Email,Email,1,1,0.00,0,3
PPC,IN_PROGRESS,HIGH,46,17500.00,260000,11500,580,145,4.42,0.56,Google,SEM,5,3,0.00,1,46
ANALYTICS,IN_REVIEW,CRITICAL,58,3600.00,0,0,0,0,0.00,0.00,Internal,Analytics,5,4,0.00,0,58
DESIGN,TO_DO,MEDIUM,11,720.00,0,0,0,0,0.00,0.00,Website,Creative,3,2,0.00,0,11
COPYWRITING,IN_PROGRESS,LOW,6,210.00,0,0,0,0,0.00,0.00,Website,Content,2,1,0.00,0,6
CAMPAIGN,IN_PROGRESS,CRITICAL,200,32000.00,500000,24000,1200,320,4.50,0.62,"Programmatic;TV",Multi,5,4,0.00,0,200
CONTENT_CREATION,TO_DO,MEDIUM,17,880.00,11000,420,26,7,3.82,0.64,Website,Content,3,2,0.00,0,17
SEO,IN_PROGRESS,LOW,8,340.00,0,0,0,0,0.00,0.00,Google,Local,1,1,0.00,0,8
SOCIAL_MEDIA,IN_PROGRESS,MEDIUM,20,1400.00,32000,1200,60,15,3.86,0.48,"Instagram;TikTok",Social,3,2,0.00,0,20
EMAIL,IN_REVIEW,MEDIUM,10,600.00,15000,700,40,10,4.38,0.67,Email,Email,3,2,0.00,0,10
PPC,TO_DO,MEDIUM,26,5600.00,90000,3800,200,50,4.22,0.56,Display,Programmatic,4,3,0.00,0,26
ANALYTICS,IN_REVIEW,HIGH,30,1600.00,0,0,0,0,0.00,0.00,Website,Conversion,4,3,0.00,0,30
DESIGN,TO_DO,LOW,7,230.00,0,0,0,0,0.00,0.00,Website,Creative,2,1,0.00,0,7
COPYWRITING,IN_REVIEW,LOW,4,150.00,0,0,0,0,0.00,0.00,Email,Creative,1,1,0.00,0,4
CAMPAIGN,IN_PROGRESS,HIGH,104,24000.00,380000,17000,900,230,4.47,0.60,"Google;YouTube",Multi,4,3,0.00,0,104
CONTENT_CREATION,IN_PROGRESS,MEDIUM,21,1150.00,14000,520,30,9,3.71,0.64,Website,Content,3,2,0.00,0,21
SEO,TO_DO,MEDIUM,14,760.00,0,0,0,0,0.00,0.00,Website,Organic,3,2,0.00,0,14
SOCIAL_MEDIA,IN_REVIEW,HIGH,34,5600.00,95000,3800,210,52,4.00,0.55,"Facebook;LinkedIn",Social,4,3,0.00,0,34
EMAIL,TO_DO,LOW,3,95.00,2800,110,6,2,4.00,0.64,Email,Email,1,1,0.00,0,3
PPC,IN_PROGRESS,CRITICAL,96,54000.00,850000,43000,2200,540,4.92,0.66,Google,SEM,5,4,0.00,0,96
ANALYTICS,IN_REVIEW,CRITICAL,100,9000.00,0,0,0,0,0.00,0.00,Internal,Analytics,5,5,0.00,0,100
DESIGN,IN_PROGRESS,MEDIUM,18,980.00,0,0,0,0,0.00,0.00,App,Creative,3,2,0.00,0,18
COPYWRITING,TO_DO,LOW,4,150.00,0,0,0,0,0.00,0.00,Website,Content,1,1,0.00,0,4
CAMPAIGN,IN_PROGRESS,HIGH,128,36000.00,620000,30000,1500,380,4.73,0.63,"Google;Programmatic",Multi,5,4,0.00,0,128
CAMPAIGN,IN_PROGRESS,HIGH,72,13200.00,210000,8800,420,110,4.25,0.53,"Facebook;Instagram",Multi,4,3,0.00,0,72
CONTENT_CREATION,TO_DO,MEDIUM,11,560.00,7200,300,20,6,3.90,0.64,Website,Content,3,2,0.00,0,11
SEO,IN_REVIEW,HIGH,26,1350.00,0,0,0,0,0.00,0.00,Website,Organic,4,3,0.00,0,26
SOCIAL_MEDIA,IN_PROGRESS,MEDIUM,14,980.00,27000,1100,55,13,3.85,0.48,"Instagram;TikTok",Social,3,2,0.00,0,14
EMAIL,TO_DO,LOW,3,65.00,2100,85,6,2,3.92,0.32,Email,Email,1,1,0.00,0,3
PPC,IN_PROGRESS,HIGH,46,17500.00,260000,11500,580,145,4.42,0.56,Google,SEM,5,3,0.00,1,46
ANALYTICS,IN_REVIEW,CRITICAL,58,3600.00,0,0,0,0,0.00,0.00,Internal,Analytics,5,4,0.00,0,58
DESIGN,TO_DO,MEDIUM,11,720.00,0,0,0,0,0.00,0.00,Website,Creative,3,2,0.00,0,11
COPYWRITING,IN_PROGRESS,LOW,6,210.00,0,0,0,0,0.00,0.00,Website,Content,2,1,0.00,0,6
PPC,IN_REVIEW,MEDIUM,20,3400.00,48000,1900,95,24,3.96,0.50,Display,Programmatic,4,2,0.00,0,20
SOCIAL_MEDIA,DONE,HIGH,32,5200.00,98000,4000,210,52,4.08,0.54,"Facebook;LinkedIn",Social,4,2,0.00,0,32
CONTENT_CREATION,IN_PROGRESS,HIGH,30,2600.00,38000,1500,80,20,3.95,0.53,YouTube,Video,4,3,0.00,0,30
EMAIL,IN_REVIEW,MEDIUM,10,560.00,16000,700,40,10,4.38,0.63,Email,Email,3,2,0.00,0,10
DESIGN,TO_DO,LOW,5,140.00,0,0,0,0,0.00,0.00,Display,Creative,2,1,0.00,0,5
ANALYTICS,TO_DO,HIGH,28,1500.00,0,0,0,0,0.00,0.00,Website,Conversion,4,3,0.00,0,28
SEO,IN_PROGRESS,MEDIUM,15,820.00,0,0,0,0,0.00,0.00,Website,Organic,3,2,0.00,0,15
CAMPAIGN,TO_DO,CRITICAL,210,28000.00,420000,19000,1000,260,4.52,0.62,"Facebook;Google",Multi,5,4,0.00,0,210
CONTENT_CREATION,TO_DO,LOW,4,170.00,1800,70,6,2,3.89,0.67,Website,Content,2,1,0.00,0,4
EMAIL,DONE,LOW,3,95.00,5200,220,12,3,4.17,0.60,Email,Email,1,1,0.00,0,3
PPC,IN_PROGRESS,HIGH,48,18000.00,300000,14000,700,170,4.44,0.57,Google,SEM,5,4,0.00,1,48
DESIGN,IN_REVIEW,MEDIUM,20,1200.00,0,0,0,0,0.00,0.00,App,Creative,3,2,0.00,0,20
ANALYTICS,IN_PROGRESS,MEDIUM,16,760.00,0,0,0,0,0.00,0.00,Internal,Analytics,3,2,0.00,0,16
SEO,TO_DO,LOW,6,210.00,0,0,0,0,0.00,0.00,Website,Organic,1,1,0.00,0,6
SOCIAL_MEDIA,IN_PROGRESS,HIGH,40,9000.00,160000,7000,380,95,4.38,0.59,"Instagram;TikTok",Social,4,3,0.00,0,40
CONTENT_CREATION,IN_REVIEW,MEDIUM,22,1350.00,19000,750,42,11,3.95,0.58,Website,Content,3,2,0.00,0,22
EMAIL,IN_PROGRESS,MEDIUM,14,820.00,20000,900,50,13,4.50,0.65,Email,Email,3,2,0.00,0,14
PPC,TO_DO,MEDIUM,26,4800.00,85000,3600,180,45,4.24,0.53,Display,Programmatic,4,2,0.00,0,26
ANALYTICS,IN_REVIEW,HIGH,32,1800.00,0,0,0,0,0.00,0.00,Website,Performance,4,3,0.00,0,32
DESIGN,TO_DO,LOW,7,210.00,0,0,0,0,0.00,0.00,Website,Creative,2,1,0.00,0,7
SEO,TO_DO,LOW,3,120.00,0,0,0,0,0.00,0.00,Google,Local,1,1,0.00,0,3
SOCIAL_MEDIA,IN_REVIEW,MEDIUM,16,1100.00,26000,900,45,11,3.46,0.42,"Instagram;Pinterest",Social,3,2,0.00,0,16
CONTENT_CREATION,IN_PROGRESS,HIGH,36,2400.00,38000,1500,85,22,3.95,0.58,YouTube,Video,4,3,0.00,0,36
EMAIL,TO_DO,LOW,2,55.00,1200,50,3,1,4.17,0.25,Email,Email,1,1,0.00,0,2
PPC,IN_PROGRESS,HIGH,40,12500.00,200000,9000,450,110,4.50,0.55,Google,SEM,5,3,0.00,1,40
ANALYTICS,IN_REVIEW,CRITICAL,50,2800.00,0,0,0,0,0.00,0.00,Internal,Analytics,5,4,0.00,0,50
DESIGN,IN_PROGRESS,MEDIUM,12,760.00,0,0,0,0,0.00,0.00,App,Creative,3,2,0.00,0,12
COPYWRITING,IN_REVIEW,LOW,8,260.00,0,0,0,0,0.00,0.00,Website,Content,2,1,0.00,0,8
SEO,TO_DO,MEDIUM,10,520.00,0,0,0,0,0.00,0.00,Website,Organic,3,2,0.00,0,10
SOCIAL_MEDIA,IN_PROGRESS,HIGH,36,6200.00,100000,4200,220,55,4.20,0.55,"Facebook;LinkedIn",Social,4,3,0.00,0,36
CONTENT_CREATION,IN_REVIEW,MEDIUM,22,1300.00,18000,700,40,11,3.89,0.61,Website,Content,3,2,0.00,0,22
EMAIL,IN_PROGRESS,MEDIUM,13,780.00,19000,850,48,12,4.47,0.63,Email,Email,3,2,0.00,0,13
PPC,TO_DO,MEDIUM,24,3600.00,60000,2600,130,32,4.33,0.55,Display,Programmatic,4,2,0.00,0,24
ANALYTICS,IN_PROGRESS,HIGH,30,1700.00,0,0,0,0,0.00,0.00,Website,Performance,4,3,0.00,0,30
DESIGN,TO_DO,LOW,6,200.00,0,0,0,0,0.00,0.00,Website,Creative,2,1,0.00,0,6
SEO,IN_REVIEW,HIGH,28,1500.00,0,0,0,0,0.00,0.00,Website,Organic,4,3,0.00,0,28
SOCIAL_MEDIA,TO_DO,MEDIUM,14,1000.00,30000,1200,60,15,4.00,0.50,"Instagram;Twitter",Social,3,2,0.00,0,14
CONTENT_CREATION,IN_PROGRESS,HIGH,42,3200.00,50000,2000,120,32,4.00,0.64,YouTube,Video,4,3,0.00,0,42
EMAIL,IN_REVIEW,LOW,4,150.00,7000,300,18,4,4.29,0.57,Email,Email,2,1,0.00,0,4
PPC,IN_PROGRESS,CRITICAL,90,60000.00,900000,45000,2400,600,5.00,0.67,Google,SEM,5,4,0.00,2,90
ANALYTICS,TO_DO,CRITICAL,96,8000.00,0,0,0,0,0.00,0.00,Internal,Analytics,5,5,0.00,0,96
DESIGN,IN_REVIEW,MEDIUM,18,980.00,0,0,0,0,0.00,0.00,App,Creative,3,2,0.00,0,18
COPYWRITING,TO_DO,LOW,5,170.00,0,0,0,0,0.00,0.00,Website,Content,2,1,0.00,0,5
SEO,IN_PROGRESS,HIGH,34,2000.00,0,0,0,0,0.00,0.00,Website,Organic,4,3,0.00,0,34
SOCIAL_MEDIA,IN_REVIEW,MEDIUM,24,2000.00,42000,1600,90,24,3.81,0.57,"Instagram;TikTok",Social,3,2,0.00,0,24
CONTENT_CREATION,TO_DO,MEDIUM,16,920.00,10500,420,28,8,3.81,0.76,Website,Content,3,2,0.00,0,16
EMAIL,IN_REVIEW,LOW,4,150.00,6800,300,18,4,4.41,0.62,Email,Email,2,1,0.00,0,4
PPC,IN_PROGRESS,HIGH,38,12800.00,210000,9500,480,120,4.52,0.57,Google,SEM,5,3,0.00,1,38
ANALYTICS,IN_REVIEW,CRITICAL,64,3600.00,0,0,0,0,0.00,0.00,Internal,Analytics,5,4,0.00,0,64
DESIGN,IN_PROGRESS,MEDIUM,14,860.00,0,0,0,0,0.00,0.00,Website,Creative,3,2,0.00,0,14
COPYWRITING,IN_PROGRESS,LOW,5,180.00,0,0,0,0,0.00,0.00,Website,Content,2,1,0.00,0,5
SEO,IN_REVIEW,MEDIUM,18,980.00,0,0,0,0,0.00,0.00,Website,Organic,3,2,0.00,0,18
CAMPAIGN,IN_PROGRESS,HIGH,116,29000.00,480000,22000,1100,280,4.48,0.59,"Facebook;Google",Multi,4,3,0.00,0,116
CONTENT_CREATION,TO_DO,LOW,8,260.00,3600,150,10,3,3.75,0.67,Website,Content,2,1,0.00,0,8
EMAIL,DONE,LOW,3,90.00,5000,210,12,3,4.17,0.60,Email,Email,1,1,0.00,0,3
PPC,IN_PROGRESS,HIGH,56,27000.00,440000,22000,1100,300,4.44,0.56,Google,SEM,5,4,0.00,2,56
DESIGN,IN_REVIEW,MEDIUM,22,1420.00,0,0,0,0,0.00,0.00,App,Creative,3,2,0.00,0,22
ANALYTICS,IN_PROGRESS,MEDIUM,18,920.00,0,0,0,0,0.00,0.00,Internal,Analytics,3,2,0.00,0,18
SEO,TO_DO,LOW,5,210.00,0,0,0,0,0.00,0.00,Website,Organic,1,1,0.00,0,5
SOCIAL_MEDIA,IN_PROGRESS,HIGH,46,10000.00,180000,8000,420,105,4.44,0.58,"Instagram;TikTok",Social,4,3,0.00,0,46
CONTENT_CREATION,IN_REVIEW,MEDIUM,24,1520.00,23000,950,55,14,4.13,0.61,Website,Content,3,2,0.00,0,24
EMAIL,IN_PROGRESS,MEDIUM,16,1000.00,24000,1150,60,16,4.79,0.67,Email,Email,3,2,0.00,0,16
PPC,TO_DO,MEDIUM,30,7400.00,120000,5400,270,70,4.50,0.56,Display,Programmatic,4,3,0.00,0,30
ANALYTICS,IN_REVIEW,HIGH,34,2100.00,0,0,0,0,0.00,0.00,Website,Performance,4,3,0.00,0,34
DESIGN,TO_DO,LOW,6,190.00,0,0,0,0,0.00,0.00,Website,Creative,2,1,0.00,0,6
SEO,TO_DO,LOW,4,150.00,0,0,0,0,0.00,0.00,Google,Local,1,1,0.00,0,4
CAMPAIGN,IN_PROGRESS,HIGH,108,30000.00,520000,24000,1200,320,4.44,0.58,"Facebook;Google",Multi,4,3,0.00,0,108

